alias,canonical_slug,canonical_name_en,frequency
egyptian acacia,acacia,acacia,1
algae absolute,algae,algae,8
sicilian almond,almond,almond,1
italian almond,almond,almond,1
persian almond,almond,almond,1
sicilian almond blossom,almond-blossom,almond blossom,1
amberwood,amber,amber,402
white amber,amber,amber,295
black amber,amber,amber,81
crystal amber,amber,amber,54
amber xtreme,amber,amber,25
ambreine,amber,amber,23
amber notes,amber,amber,9
indian amber,amber,amber,4
tunisian amber,amber,amber,3
persian amber,amber,amber,2
oriental amber,amber,amber,2
greek amber,amber,amber,1
amber absolute,amber,amber,1
indian ambergris,ambergris,ambergris,7
ambergris absolute,ambergris,ambergris,2
irish ambergris,ambergris,ambergris,1
russian ambergris,ambergris,ambergris,1
ambrette seed absolute,ambrette-seed,ambrette seed,43
indian ambrette seed,ambrette-seed,ambrette seed,4
peruvian ambrette seed,ambrette-seed,ambrette seed,4
peruvian ambrette seed absolute,ambrette-seed,ambrette seed,4
australian ambrette seed,ambrette-seed,ambrette seed,2
ambrox,ambroxan,ambroxan,215
ambrofix,ambroxan,ambroxan,31
haitian amyris,amyris,amyris,5
caribbean amyris,amyris,amyris,1
angelica root,angelica,angelica,53
french angelica root,angelica,angelica,1
angelica root co2,angelica,angelica,1
french angelica,angelica,angelica,1
aniseed,anise,anise,435
granny smith apple,apple,apple,80
italian apple,apple,apple,1
canadian apple,apple,apple,1
dried apricot,apricot,apricot,7
marine notes,aquatic,aquatic,620
aquatic notes,aquatic,aquatic,570
calone,aquatic,aquatic,51
egyptian balsam,balsam,balsam,1
bamboo absolute,bamboo,bamboo,1
tibetan bamboo,bamboo,bamboo,1
egyptian basil,basil,basil,8
thai basil,basil,basil,7
basil absolute,basil,basil,3
indian bay leaf,bay-leaf,bay leaf,4
beeswax absolute,beeswax,beeswax,22
french beeswax,beeswax,beeswax,10
laotian beeswax,beeswax,beeswax,3
french beeswax absolute,beeswax,beeswax,1
styrax,benzoin,benzoin,434
benzoin siam,benzoin,benzoin,211
sumatra benzoin,benzoin,benzoin,27
benzoin absolute,benzoin,benzoin,7
benzoin siam absolute,benzoin,benzoin,3
thai benzoin,benzoin,benzoin,2
styrax absolute,benzoin,benzoin,2
indonesian styrax,benzoin,benzoin,2
japanese styrax,benzoin,benzoin,1
italian bergamot,bergamot,bergamot,463
calabrian bergamot,bergamot,bergamot,415
sicilian bergamot,bergamot,bergamot,102
french bergamot,bergamot,bergamot,3
bergamot absolute,bergamot,bergamot,2
bergamot co2,bergamot,bergamot,1
italian bergamot zest,bergamot-zest,bergamot zest,2
wild berries,berries,berries,75
dried berries,berries,berries,2
birch wood,birch,birch,32
silver birch,birch,birch,32
tuscan birch,birch,birch,3
italian birch,birch,birch,3
siberian birch,birch,birch,1
russian birch,birch,birch,1
italian birch wood,birch,birch,1
russian birch tar,birch-tar,birch tar,2
moroccan bitter almond,bitter-almond,bitter almond,2
sicilian bitter orange,bitter-orange,bitter orange,8
italian bitter orange,bitter-orange,bitter orange,8
spanish bitter orange,bitter-orange,bitter orange,5
brazilian bitter orange,bitter-orange,bitter orange,4
egyptian bitter orange,bitter-orange,bitter orange,3
paraguayan bitter orange,bitter-orange,bitter orange,3
bitter orange absolute,bitter-orange,bitter orange,2
calabrian bitter orange,bitter-orange,bitter orange,2
african bitter orange,bitter-orange,bitter orange,1
moroccan bitter orange blossom,bitter-orange-blossom,bitter orange blossom,1
italian bitter orange blossom,bitter-orange-blossom,bitter orange blossom,1
bitter orange blossom absolute,bitter-orange-blossom,bitter orange blossom,1
indian black pepper,black-pepper,black pepper,9
zanzibar black pepper,black-pepper,black pepper,4
indonesian black pepper,black-pepper,black pepper,1
black pepper absolute,black-pepper,black pepper,1
black tea absolute,black-tea,black tea,3
chinese black tea,black-tea,black tea,3
indian black tea,black-tea,black tea,1
blackcurrant absolute,blackcurrant,blackcurrant,15
french blackcurrant,blackcurrant,blackcurrant,8
italian blackcurrant,blackcurrant,blackcurrant,1
egyptian blackcurrant,blackcurrant,blackcurrant,1
english blackcurrant,blackcurrant,blackcurrant,1
polish blackcurrant,blackcurrant,blackcurrant,1
blackcurrant co2,blackcurrant,blackcurrant,1
french blackcurrant absolute,blackcurrant,blackcurrant,1
blackcurrant leaf,blackcurrant-bud,blackcurrant bud,58
blackcurrant bud absolute,blackcurrant-bud,blackcurrant bud,18
french blackcurrant bud absolute,blackcurrant-bud,blackcurrant bud,8
french blackcurrant bud,blackcurrant-bud,blackcurrant bud,1
blackcurrant bud co2,blackcurrant-bud,blackcurrant bud,1
blond tobacco absolute,blond-tobacco,blond tobacco,1
sicilian blood orange,blood-orange,blood orange,13
italian blood orange,blood-orange,blood orange,11
calabrian blood orange,blood-orange,blood orange,1
oriental blossoms,blossoms,blossoms,1
french blossoms,blossoms,blossoms,1
blue lotus absolute,blue-lotus,blue lotus,3
boronia absolute,boronia,boronia,3
broom absolute,broom,broom,11
spanish broom,broom,broom,3
italian broom absolute,broom,broom,3
italian broom,broom,broom,2
french broom,broom,broom,1
butter co2,butter,butter,7
butter absolute,butter,butter,2
brazilian cabreuva,cabreuva,cabreuva,1
indian calamus,calamus,calamus,3
egyptian calamus,calamus,calamus,2
japanese camellia,camellia,camellia,1
moroccan cannabis,cannabis,cannabis,2
turkish caramel,caramel,caramel,7
guatemala cardamom,cardamom,cardamom,87
indian cardamom,cardamom,cardamom,21
cardamom absolute,cardamom,cardamom,11
cardamom co2,cardamom,cardamom,2
egyptian cardamom,cardamom,cardamom,1
zanzibar cardamom,cardamom,cardamom,1
african cardamom,cardamom,cardamom,1
nepalese cardamom,cardamom,cardamom,1
french carnation,carnation,carnation,7
carnation absolute,carnation,carnation,6
egyptian carnation,carnation,carnation,2
carrot absolute,carrot,carrot,1
french carrot,carrot,carrot,1
french carrot seed,carrot-seed,carrot seed,1
cashmere wood,cashmeran,cashmeran,722
cashmere,cashmeran,cashmeran,213
chinese cassia,cassia,cassia,9
cassia absolute,cassia,cassia,1
castoreum absolute,castoreum,castoreum,6
russian castoreum,castoreum,castoreum,1
canadian castoreum,castoreum,castoreum,1
himalaya cedar leaf,cedar-leaf,cedar leaf,1
canadian cedar leaf,cedar-leaf,cedar leaf,1
cedar,cedarwood,cedarwood,3700
virginia cedar,cedarwood,cedarwood,466
atlas cedar,cedarwood,cedarwood,298
texas cedar,cedarwood,cedarwood,78
lebanon cedar,cedarwood,cedarwood,49
himalaya cedar,cedarwood,cedarwood,32
french cedar,cedarwood,cedarwood,12
chinese cedar,cedarwood,cedarwood,10
cuban cedar,cedarwood,cedarwood,9
canadian cedar,cedarwood,cedarwood,2
australian cedar wood,cedarwood,cedarwood,2
cedarwood absolute,cedarwood,cedarwood,1
atlas cedar absolute,cedarwood,cedarwood,1
italian cedar,cedarwood,cedarwood,1
cuban cedar wood,cedarwood,cedarwood,1
roman chamomile,chamomile,chamomile,20
moroccan chamomile,chamomile,chamomile,3
champaca flower,champaca,champaca,79
champaca absolute,champaca,champaca,10
wild cherry,cherry,cherry,5
turkish cherry,cherry,cherry,1
japanese cherry blossom,cherry-blossom,cherry blossom,21
portuguese chestnut,chestnut,chestnut,1
red pepper,chili,chili,79
peruvian red pepper,chili,chili,1
mexican chocolate,chocolate,chocolate,3
french chocolate,chocolate,chocolate,2
italian chocolate,chocolate,chocolate,1
ceylon cinnamon,cinnamon,cinnamon,88
cinnamon leaf,cinnamon,cinnamon,57
madagascan cinnamon,cinnamon,cinnamon,10
laotian cinnamon,cinnamon,cinnamon,10
cinnamon absolute,cinnamon,cinnamon,2
ceylon cinnamon leaf,cinnamon,cinnamon,2
indonesian cinnamon,cinnamon,cinnamon,1
cistus absolute,cistus,cistus,56
spanish cistus,cistus,cistus,15
spanish cistus absolute,cistus,cistus,4
omani cistus,cistus,cistus,3
corsican cistus,cistus,cistus,2
french cistus,cistus,cistus,2
portuguese cistus,cistus,cistus,2
moroccan cistus absolute,cistus,cistus,1
spanish cistus concrete,cistus,cistus,1
italian citron,citron,citron,8
sicilian citron,citron,citron,6
calabrian citron,citron,citron,3
corsican citron,citron,citron,1
civet absolute,civet,civet,8
indian civet,civet,civet,2
indian civet absolute,civet,civet,2
ethiopian civet,civet,civet,1
french clary sage,clary-sage,clary sage,23
clary sage absolute,clary-sage,clary sage,18
french clary sage absolute,clary-sage,clary sage,1
russian clary sage,clary-sage,clary sage,1
madagascan clove,clove,clove,10
indonesian clove,clove,clove,6
zanzibar clove,clove,clove,2
ceylonese clove,clove,clove,1
clove absolute,clove,clove,1
cocoa absolute,cocoa,cocoa,45
cocoa bean,cocoa,cocoa,29
cocoa bean absolute,cocoa,cocoa,1
french cocoa,cocoa,cocoa,1
coconut co2,coconut,coconut,7
thai coconut,coconut,coconut,2
coconut absolute,coconut,coconut,1
caribbean coconut,coconut,coconut,1
coffee bean,coffee,coffee,20
coffee absolute,coffee,coffee,13
coffee co2,coffee,coffee,6
turkish coffee,coffee,coffee,3
brazilian coffee,coffee,coffee,2
colombian coffee,coffee,coffee,2
arabian coffee,coffee,coffee,2
peruvian coffee bean,coffee,coffee,2
kenyan coffee,coffee,coffee,1
brazilian coffee absolute,coffee,coffee,1
ethiopian coffee absolute,coffee,coffee,1
ethiopian coffee,coffee,coffee,1
copaiba balsam,copaiba,copaiba,57
brazilian copaiba balsam,copaiba,copaiba,1
russian coriander,coriander,coriander,20
french coriander,coriander,coriander,3
coriander co2,coriander,coriander,1
mexican coriander,coriander,coriander,1
indian coriander,coriander,coriander,1
russian coriander seed,coriander-seed,coriander seed,2
moroccan coriander seed,coriander-seed,coriander seed,1
costus absolute,costus,costus,2
irish cream,cream,cream,4
egyptian cumin,cumin,cumin,9
cumin absolute,cumin,cumin,1
iranian cumin,cumin,cumin,1
nootka cypress,cypress,cypress,20
italian cypress,cypress,cypress,11
french cypress,cypress,cypress,7
cypress absolute,cypress,cypress,6
tuscan cypress,cypress,cypress,6
spanish cypress,cypress,cypress,5
indian cypriol,cypriol,cypriol,3
greek cypriol,cypriol,cypriol,1
ceylonese cypriol,cypriol,cypriol,1
italian dark chocolate,dark-chocolate,dark chocolate,2
turkish date,date,date,1
davana absolute,davana,davana,1
siberian deer musk,deer-musk,deer musk,12
himalayan deer musk,deer-musk,deer musk,8
kashmiri deer musk,deer-musk,deer musk,2
tibetan deer musk,deer-musk,deer musk,2
nepalese deer musk,deer-musk,deer musk,1
earthy notes,earthy,earthy,47
african ebony,ebony,ebony,4
elemi resin,elemi,elemi,608
persian elemi,elemi,elemi,3
malayan elemi,elemi,elemi,2
french elemi,elemi,elemi,1
chinese eucalyptus,eucalyptus,eucalyptus,3
greek eucalyptus,eucalyptus,eucalyptus,1
brazilian eucalyptus,eucalyptus,eucalyptus,1
wild fennel,fennel,fennel,2
italian fennel,fennel,fennel,1
greek fennel,fennel,fennel,1
fenugreek absolute,fenugreek,fenugreek,2
moroccan fenugreek,fenugreek,fenugreek,1
wild fig,fig,fig,4
italian fig,fig,fig,1
fir absolute,fir,fir,3
siberian fir absolute,fir,fir,2
siberian fir,fir,fir,1
balsam fir,fir-balsam,fir balsam,67
fir balsam absolute,fir-balsam,fir balsam,11
canadian fir balsam,fir-balsam,fir balsam,11
balsam fir absolute,fir-balsam,fir balsam,5
canadian fir balsam absolute,fir-balsam,fir balsam,1
siberian fir needle,fir-needle,fir needle,1
canadian fir resin,fir-resin,fir resin,1
wild flowers,flowers,flowers,26
fougère notes,fougere,fougère,31
frangipani absolute,frangipani,frangipani,9
thai frangipani,frangipani,frangipani,2
indian frangipani,frangipani,frangipani,1
mexican frangipani,frangipani,frangipani,1
venezuelan frangipani,frangipani,frangipani,1
somalian frankincense,frankincense,frankincense,67
omani frankincense,frankincense,frankincense,33
ethiopian frankincense,frankincense,frankincense,28
incense material,frankincense,frankincense,27
frankincense absolute,frankincense,frankincense,14
incense,frankincense,frankincense,13
frankincense co2 absolute,frankincense,frankincense,10
african frankincense,frankincense,frankincense,10
indian frankincense,frankincense,frankincense,4
frankincense co2,frankincense,frankincense,3
chinese incense,frankincense,frankincense,2
somalian frankincense absolute,frankincense,frankincense,2
frankincense oil,frankincense,frankincense,2
incense absolute,frankincense,frankincense,1
persian frankincense,frankincense,frankincense,1
japanese incense,frankincense,frankincense,1
freesia absolute,freesia,freesia,2
italian freesia,freesia,freesia,1
wild freesia,freesia,freesia,1
paraguayan gaiac wood,gaiac-wood,gaiac wood,20
argentinian gaiac wood,gaiac-wood,gaiac wood,2
caribbean gaiac wood,gaiac-wood,gaiac wood,2
brazilian gaiac wood,gaiac-wood,gaiac wood,2
peruvian gaiac wood,gaiac-wood,gaiac wood,1
colombian gaiac wood,gaiac-wood,gaiac wood,1
indonesian gaiac wood,gaiac-wood,gaiac wood,1
gaiac wood absolute,gaiac-wood,gaiac wood,1
persian galbanum,galbanum,galbanum,12
spanish galbanum,galbanum,galbanum,7
turkish galbanum,galbanum,galbanum,4
indian galbanum,galbanum,galbanum,1
brazilian gardenia,gardenia,gardenia,15
gardenia absolute,gardenia,gardenia,8
french gardenia,gardenia,gardenia,2
chinese gardenia co2,gardenia,gardenia,1
chinese gardenia,gardenia,gardenia,1
italian gardenia,gardenia,gardenia,1
egyptian geranium,geranium,geranium,119
bourbon geranium,geranium,geranium,97
madagascan geranium,geranium,geranium,17
geranium absolute,geranium,geranium,17
african geranium,geranium,geranium,15
chinese geranium,geranium,geranium,6
bulgarian geranium,geranium,geranium,4
moroccan geranium,geranium,geranium,3
egyptian bourbon geranium,geranium,geranium,1
french bourbon geranium,geranium,geranium,1
egyptian geranium leaf,geranium-leaf,geranium leaf,2
madagascan ginger,ginger,ginger,16
chinese ginger,ginger,ginger,13
ginger co2,ginger,ginger,8
thai ginger,ginger,ginger,7
indian ginger,ginger,ginger,6
ginger absolute,ginger,ginger,2
laotian ginger,ginger,ginger,1
indonesian ginger,ginger,ginger,1
pink grapefruit,grapefruit,grapefruit,277
red grapefruit,grapefruit,grapefruit,38
sicilian grapefruit,grapefruit,grapefruit,19
italian grapefruit,grapefruit,grapefruit,9
moroccan grapefruit,grapefruit,grapefruit,2
calabrian grapefruit,grapefruit,grapefruit,2
grapefruit absolute,grapefruit,grapefruit,1
chinese grapefruit,grapefruit,grapefruit,1
mexican pink grapefruit,grapefruit,grapefruit,1
sicilian pink grapefruit,grapefruit,grapefruit,1
moroccan grapefruit blossom,grapefruit-blossom,grapefruit blossom,2
wild grass,grass,grass,7
italian green apple,green-apple,green apple,3
madagascan green cardamom,green-cardamom,green cardamom,1
japanese green tea,green-tea,green tea,1
green tea absolute,green-tea,green tea,1
chinese green tea,green-tea,green tea,1
gurjum balsam,gurjun-balsam,gurjun balsam,117
malaysian gurjum balsam,gurjun-balsam,gurjun balsam,2
thai gurjun balsam,gurjun-balsam,gurjun balsam,1
hay absolute,hay,hay,26
french hay,hay,hay,2
italian heliotrope,heliotrope,heliotrope,1
heliotrope absolute,heliotrope,heliotrope,1
indian hemp,hemp,hemp,3
french hemp,hemp,hemp,1
wild herbs,herbs,herbs,2
african herbs,herbs,herbs,1
hibiscus absolute,hibiscus,hibiscus,1
wild honey,honey,honey,6
honey absolute,honey,honey,5
laotian honey,honey,honey,2
english honey,honey,honey,2
italian honey,honey,honey,1
french honey,honey,honey,1
japanese honeysuckle,honeysuckle,honeysuckle,3
italian honeysuckle,honeysuckle,honeysuckle,1
tuscan hyacinth,hyacinth,hyacinth,2
wild hyacinth,hyacinth,hyacinth,1
hyraceum absolute,hyraceum,hyraceum,1
ice accord,ice,ice,29
everlasting flower,immortelle,immortelle,63
immortelle absolute,immortelle,immortelle,21
corsican immortelle,immortelle,immortelle,6
everlasting flower absolute,immortelle,immortelle,1
spanish immortelle,immortelle,immortelle,1
orris root,iris,iris,637
florentine iris,iris,iris,165
orris butter,iris,iris,116
orris concrete,iris,iris,82
orris absolute,iris,iris,78
iris pallida,iris,iris,26
violet root,iris,iris,22
florentine iris absolute,iris,iris,17
italian iris,iris,iris,15
moroccan orris butter,iris,iris,8
french iris,iris,iris,5
iris pallida concrete,iris,iris,5
chinese orris butter,iris,iris,5
wild iris,iris,iris,4
italian iris pallida,iris,iris,4
italian iris concrete,iris,iris,3
french iris absolute,iris,iris,3
italian orris root,iris,iris,3
italian iris absolute,iris,iris,2
french orris butter,iris,iris,1
orris root co2,iris,iris,1
french iris concrete,iris,iris,1
iris co2,iris,iris,1
french orris root,iris,iris,1
chinese iris absolute,iris,iris,1
orris butter absolute,iris,iris,1
chinese iris concrete,iris,iris,1
siberian iris,iris,iris,1
italian orris butter,iris,iris,1
florentine orris butter,iris,iris,1
moroccan iris concrete,iris,iris,1
iso-e-super,iso-e-super,iso e super,66
jasmine absolute,jasmine,jasmine,269
egyptian jasmine,jasmine,jasmine,186
grasse jasmine,jasmine,jasmine,160
jasminum auriculatum,jasmine,jasmine,94
jasminum grandiflorum,jasmine,jasmine,89
night-blooming jasmine,jasmine,jasmine,86
water jasmine,jasmine,jasmine,66
egyptian jasmine absolute,jasmine,jasmine,54
moroccan jasmine,jasmine,jasmine,26
jasminum grandiflorum absolute,jasmine,jasmine,24
jasminum auriculatum absolute,jasmine,jasmine,18
italian jasmine,jasmine,jasmine,15
wild jasmine,jasmine,jasmine,13
egyptian jasminum grandiflorum,jasmine,jasmine,10
chinese jasmine,jasmine,jasmine,10
french jasmine,jasmine,jasmine,8
moroccan jasmine absolute,jasmine,jasmine,6
calabrian jasmine,jasmine,jasmine,4
indian jasminum grandiflorum,jasmine,jasmine,4
egyptian jasminum grandiflorum absolute,jasmine,jasmine,3
calabrian jasminum grandiflorum,jasmine,jasmine,3
night-blooming jasmine absolute,jasmine,jasmine,3
indonesian jasmine,jasmine,jasmine,3
turkish jasmine,jasmine,jasmine,2
indian jasminum grandiflorum absolute,jasmine,jasmine,2
indian jasminum auriculatum,jasmine,jasmine,2
grasse jasmine absolute,jasmine,jasmine,2
chinese jasmine absolute,jasmine,jasmine,1
french jasmine absolute,jasmine,jasmine,1
jasmine attar,jasmine,jasmine,1
japanese jasmine,jasmine,jasmine,1
jasmine concrete,jasmine,jasmine,1
jasmine sambac absolute,jasmine-sambac,jasmine sambac,139
indian jasmine sambac,jasmine-sambac,jasmine sambac,67
indian jasmine sambac absolute,jasmine-sambac,jasmine sambac,22
egyptian jasmine sambac,jasmine-sambac,jasmine sambac,5
chinese jasmine sambac,jasmine-sambac,jasmine sambac,2
chinese jasmine sambac absolute,jasmine-sambac,jasmine sambac,2
jonquil absolute,jonquil,jonquil,3
juniper berry,juniper,juniper,499
himalayan juniper,juniper,juniper,3
bulgarian juniper,juniper,juniper,2
juniper berry co2,juniper,juniper,1
italian juniper,juniper,juniper,1
italian kelp,kelp,kelp,3
french kelp absolute,kelp,kelp,1
chinese kumquat,kumquat,kumquat,3
labdanum absolute,labdanum,labdanum,57
spanish labdanum,labdanum,labdanum,29
french labdanum,labdanum,labdanum,14
portuguese labdanum absolute,labdanum,labdanum,2
spanish labdanum absolute,labdanum,labdanum,2
provençal lavender,lavender,lavender,224
french lavender,lavender,lavender,103
lavender absolute,lavender,lavender,35
true lavender,lavender,lavender,30
bulgarian lavender,lavender,lavender,25
italian lavender,lavender,lavender,15
wild lavender,lavender,lavender,12
provençal lavender absolute,lavender,lavender,7
french lavender absolute,lavender,lavender,6
kashmiri lavender,lavender,lavender,2
russian lavender,lavender,lavender,1
lavender concrete,lavender,lavender,1
leathery notes,leather,leather,112
russian leather,leather,leather,55
tuscan leather,leather,leather,22
italian leather,leather,leather,17
kashmiri leather,leather,leather,2
spanish leather,leather,leather,2
english leather,leather,leather,2
french leather,leather,leather,1
sicilian lemon,lemon,lemon,231
italian lemon,lemon,lemon,216
amalfi lemon,lemon,lemon,84
calabrian lemon,lemon,lemon,40
primofiore lemon,lemon,lemon,31
spanish lemon,lemon,lemon,11
argentinian lemon,lemon,lemon,8
french lemon,lemon,lemon,2
moroccan lemon,lemon,lemon,2
caribbean lemon,lemon,lemon,2
sicilian primofiore lemon,lemon,lemon,1
corsican lemon,lemon,lemon,1
african lemon,lemon,lemon,1
tahitian lemon,lemon,lemon,1
tuscan lemon,lemon,lemon,1
italian primofiore lemon,lemon,lemon,1
italian lemon blossom,lemon-blossom,lemon blossom,2
indian lemon grass,lemon-grass,lemon grass,1
sicilian lemon leaf,lemon-leaf,lemon leaf,3
italian lemon petitgrain,lemon-petitgrain,lemon petitgrain,3
italian lemon zest,lemon-zest,lemon zest,3
sicilian lemon zest,lemon-zest,lemon zest,1
liatris spicata absolute,liatris-spicata,liatris spicata,3
liquorice,licorice,licorice,118
glycyrrhiza glabra,licorice,licorice,58
licorice absolute,licorice,licorice,1
liquorice absolute,licorice,licorice,1
english lilac,lilac,lilac,7
lilac concrete,lilac,lilac,1
lilac absolute,lilac,lilac,1
oriental lily,lily,lily,3
kenyan lily,lily,lily,2
italian lily of the valley,lily-of-the-valley,lily of the valley,4
german lily of the valley,lily-of-the-valley,lily of the valley,3
japanese lily of the valley,lily-of-the-valley,lily of the valley,3
french lily-of-the-valley,lily-of-the-valley,lily of the valley,2
tuscan lily of the valley,lily-of-the-valley,lily of the valley,1
sicilian lime,lime,lime,13
italian lime,lime,lime,6
caribbean lime,lime,lime,3
french lime,lime,lime,2
brazilian lime,lime,lime,2
dried lime,lime,lime,2
african lime,lime,lime,1
spanish lime,lime,lime,1
calabrian lime,lime,lime,1
indonesian lime,lime,lime,1
australian lime,lime,lime,1
malayan lime,lime,lime,1
linden blossom co2,linden-blossom,linden blossom,1
french linden blossom,linden-blossom,linden blossom,1
linden blossom absolute,linden-blossom,linden blossom,1
chinese litsea cubeba,litsea-cubeba,litsea cubeba,2
lotus absolute,lotus,lotus,1
thai lychee,lychee,lychee,1
chinese magnolia,magnolia,magnolia,14
magnolia absolute,magnolia,magnolia,6
italian magnolia,magnolia,magnolia,3
caribbean magnolia,magnolia,magnolia,3
indian magnolia,magnolia,magnolia,2
tuscan magnolia,magnolia,magnolia,1
french magnolia,magnolia,magnolia,1
mexican magnolia,magnolia,magnolia,1
mahogany wood,mahogany,mahogany,21
african mahogany,mahogany,mahogany,1
tangerine,mandarin-orange,mandarin orange,486
italian mandarin orange,mandarin-orange,mandarin orange,211
green mandarin orange,mandarin-orange,mandarin orange,205
clementine,mandarin-orange,mandarin orange,196
sicilian mandarin orange,mandarin-orange,mandarin orange,76
red mandarin orange,mandarin-orange,mandarin orange,61
mandarin orange zest,mandarin-orange,mandarin orange,50
calabrian mandarin orange,mandarin-orange,mandarin orange,24
italian green mandarin orange,mandarin-orange,mandarin orange,19
madagascan mandarin orange,mandarin-orange,mandarin orange,19
brazilian green mandarin orange,mandarin-orange,mandarin orange,8
calabrian green mandarin orange,mandarin-orange,mandarin orange,8
brazilian mandarin orange,mandarin-orange,mandarin orange,6
spanish mandarin orange,mandarin-orange,mandarin orange,4
italian mandarin orange zest,mandarin-orange,mandarin orange,4
italian red mandarin orange,mandarin-orange,mandarin orange,4
sicilian tangerine,mandarin-orange,mandarin orange,4
moroccan tangerine,mandarin-orange,mandarin orange,4
corsican clementine,mandarin-orange,mandarin orange,3
portuguese mandarin,mandarin-orange,mandarin orange,3
sicilian clementine,mandarin-orange,mandarin orange,2
argentinian mandarin orange,mandarin-orange,mandarin orange,2
italian clementine,mandarin-orange,mandarin orange,2
brazilian tangerine,mandarin-orange,mandarin orange,2
sicilian green mandarin orange,mandarin-orange,mandarin orange,2
japanese mandarin orange,mandarin-orange,mandarin orange,1
indian mandarin orange,mandarin-orange,mandarin orange,1
indian clementine,mandarin-orange,mandarin orange,1
wild mandarin orange,mandarin-orange,mandarin orange,1
chinese mandarin orange,mandarin-orange,mandarin orange,1
cuban tangerine,mandarin-orange,mandarin orange,1
algerian clementine,mandarin-orange,mandarin orange,1
caribbean mandarin orange,mandarin-orange,mandarin orange,1
italian mandarin orange leaf,mandarin-orange-leaf,mandarin orange leaf,1
thai mango,mango,mango,1
brazilian mango,mango,mango,1
pot marigold,marigold,marigold,80
african marigold,marigold,marigold,3
madagascan marigold,marigold,marigold,2
egyptian marigold,marigold,marigold,2
mastic absolute,mastic,mastic,16
moroccan mastic,mastic,mastic,5
greek mastic,mastic,mastic,1
peruvian mastic,mastic,mastic,1
maté absolute,mate,maté,43
paraguayan maté absolute,mate,maté,4
brazilian maté,mate,maté,2
argentinian maté,mate,maté,1
rosa centifolia,may-rose,may rose,164
rosa centifolia absolute,may-rose,may rose,40
may rose absolute,may-rose,may rose,32
french rosa centifolia,may-rose,may rose,5
italian rosa centifolia,may-rose,may rose,1
indian rosa centifolia,may-rose,may rose,1
egyptian rosa centifolia,may-rose,may rose,1
moroccan rosa centifolia,may-rose,may rose,1
moroccan rosa centifolia absolute,may-rose,may rose,1
persian melon,melon,melon,1
mimosa absolute,mimosa,mimosa,33
french mimosa,mimosa,mimosa,6
moroccan mimosa absolute,mimosa,mimosa,2
moroccan mimosa,mimosa,mimosa,2
grasse mimosa absolute,mimosa,mimosa,1
indian mimosa absolute,mimosa,mimosa,1
egyptian mimosa,mimosa,mimosa,1
mineral notes,mineral,mineral,46
moroccan mint,mint,mint,7
italian mint,mint,mint,4
mexican mint,mint,mint,4
brazilian mint,mint,mint,3
french mint,mint,mint,2
egyptian mint,mint,mint,1
moroccan mugwort,mugwort,mugwort,2
kashmiri musk,musk,musk,51
tonkin musk,musk,musk,32
tibetan musk,musk,musk,23
siberian musk,musk,musk,19
persian musk,musk,musk,7
egyptian musk,musk,musk,6
himalayan musk,musk,musk,5
arabian musk,musk,musk,2
chinese musk,musk,musk,2
vietnamese musk,musk,musk,1
omani musk,musk,musk,1
italian musk,musk,musk,1
japanese musk,musk,musk,1
ethiopian myrrh,myrrh,myrrh,13
indian myrrh,myrrh,myrrh,8
arabian myrrh,myrrh,myrrh,6
myrrh absolute,myrrh,myrrh,6
chinese myrrh,myrrh,myrrh,3
african myrrh,myrrh,myrrh,2
egyptian myrrh,myrrh,myrrh,2
omani myrrh,myrrh,myrrh,1
italian myrtle,myrtle,myrtle,3
tunisian myrtle,myrtle,myrtle,1
narcissus absolute,narcissus,narcissus,23
french narcissus absolute,narcissus,narcissus,16
french narcissus,narcissus,narcissus,4
spanish narcissus,narcissus,narcissus,2
portuguese narcissus,narcissus,narcissus,1
tunisian neroli,neroli,neroli,66
moroccan neroli,neroli,neroli,19
italian neroli,neroli,neroli,13
neroli absolute,neroli,neroli,9
sicilian neroli,neroli,neroli,6
french neroli,neroli,neroli,5
egyptian neroli,neroli,neroli,4
calabrian neroli,neroli,neroli,3
paraguayan neroli,neroli,neroli,1
spanish neroli,neroli,neroli,1
african neroli,neroli,neroli,1
indonesian nutmeg,nutmeg,nutmeg,24
indian nutmeg,nutmeg,nutmeg,4
spanish nutmeg,nutmeg,nutmeg,3
brazilian nutmeg,nutmeg,nutmeg,3
italian nutmeg,nutmeg,nutmeg,2
sumatra nutmeg,nutmeg,nutmeg,1
caribbean nutmeg,nutmeg,nutmeg,1
nutmeg absolute,nutmeg,nutmeg,1
madagascan nutmeg,nutmeg,nutmeg,1
oak wood,oak,oak,84
oak wood absolute,oak,oak,10
oak wood co2,oak,oak,4
french oak,oak,oak,4
french oak wood,oak,oak,3
english oak wood,oak,oak,2
italian oak,oak,oak,2
oak co2,oak,oak,1
oak absolute,oak,oak,1
english oak,oak,oak,1
moss,oakmoss,oakmoss,1426
mossy notes,oakmoss,oakmoss,36
irish moss,oakmoss,oakmoss,30
oakmoss absolute,oakmoss,oakmoss,28
italian oakmoss,oakmoss,oakmoss,6
moroccan oakmoss,oakmoss,oakmoss,5
spanish moss,oakmoss,oakmoss,3
indian oakmoss,oakmoss,oakmoss,1
moss absolute,oakmoss,oakmoss,1
french oakmoss,oakmoss,oakmoss,1
opoponax absolute,opoponax,opoponax,8
greek opoponax,opoponax,opoponax,1
sudanese opoponax,opoponax,opoponax,1
brazilian orange,orange,orange,74
orange zest,orange,orange,66
sicilian orange,orange,orange,44
italian orange,orange,orange,27
orange absolute,orange,orange,21
mexican orange,orange,orange,20
tunisian orange,orange,orange,5
spanish orange,orange,orange,3
chinese orange,orange,orange,2
calabrian orange,orange,orange,2
moroccan orange,orange,orange,2
wild orange,orange,orange,2
indian orange,orange,orange,1
italian orange zest,orange,orange,1
cuban orange,orange,orange,1
japanese orange,orange,orange,1
orange blossom absolute,orange-blossom,orange blossom,190
african orange blossom,orange-blossom,orange blossom,39
tunisian orange blossom,orange-blossom,orange blossom,38
morrocan orange blossom,orange-blossom,orange blossom,24
tunisian orange blossom absolute,orange-blossom,orange blossom,16
moroccan orange blossom absolute,orange-blossom,orange blossom,14
french orange blossom,orange-blossom,orange blossom,10
egyptian orange blossom,orange-blossom,orange blossom,10
sicilian orange blossom,orange-blossom,orange blossom,7
spanish orange blossom absolute,orange-blossom,orange blossom,5
egyptian orange blossom absolute,orange-blossom,orange blossom,4
italian orange blossom,orange-blossom,orange blossom,2
grasse orange blossom,orange-blossom,orange blossom,1
spanish orange blossom,orange-blossom,orange blossom,1
orange blossom concrete,orange-blossom,orange blossom,1
african orange blossom absolute,orange-blossom,orange blossom,1
italian orange blossom absolute,orange-blossom,orange blossom,1
french orange blossom absolute,orange-blossom,orange blossom,1
orange blossom water absolute,orange-blossom-water,orange blossom water,5
italian orange blossom water,orange-blossom-water,orange blossom water,1
tunisian orange blossom water absolute,orange-blossom-water,orange blossom water,1
wild orchid,orchid,orchid,16
brazilian orchid,orchid,orchid,4
spanish oregano,oregano,oregano,2
osmanthus absolute,osmanthus,osmanthus,72
chinese osmanthus,osmanthus,osmanthus,19
chinese osmanthus absolute,osmanthus,osmanthus,8
japanese osmanthus,osmanthus,osmanthus,3
japanese osmanthus absolute,osmanthus,osmanthus,3
himalayan osmanthus,osmanthus,osmanthus,2
tibetan osmanthus,osmanthus,osmanthus,1
italian osmanthus,osmanthus,osmanthus,1
sumatra osmanthus,osmanthus,osmanthus,1
indian oud,oud,oud,166
cambodian oud,oud,oud,151
laotian oud,oud,oud,99
thai oud,oud,oud,90
indonesian oud,oud,oud,48
borneo oud,oud,oud,39
assam oud,oud,oud,38
malayan oud,oud,oud,37
chinese oud,oud,oud,28
burmese oud,oud,oud,26
vietnamese oud,oud,oud,24
papua oud,oud,oud,24
nepalese oud,oud,oud,19
sumatra oud,oud,oud,13
arabian oud,oud,oud,3
persian oud,oud,oud,2
ozone,ozonic,ozonic,157
ozonic notes,ozonic,ozonic,135
brazilian palmarosa,palmarosa,palmarosa,2
brazilian palo santo,palo-santo,palo santo,1
egyptian papyrus,papyrus,papyrus,5
indian papyrus,papyrus,papyrus,5
papyrus absolute,papyrus,papyrus,2
australian passion flower,passion-flower,passion flower,1
mexican passion flower,passion-flower,passion flower,1
brazilian passion fruit,passion-fruit,passion fruit,5
peruvian passion fruit,passion-fruit,passion fruit,1
indonesian patchouli,patchouli,patchouli,371
indian patchouli,patchouli,patchouli,51
singapore patchouli,patchouli,patchouli,39
malayan patchouli,patchouli,patchouli,18
sumatra patchouli,patchouli,patchouli,16
patchouli absolute,patchouli,patchouli,15
patchouli co2,patchouli,patchouli,3
balinese patchouli,patchouli,patchouli,2
madagascan patchouli,patchouli,patchouli,2
white peach,peach,peach,205
wild peach,peach,peach,26
italian peach,peach,peach,10
corsican peach,peach,peach,1
chinese white peach,peach,peach,1
peach blossom absolute,peach-blossom,peach blossom,3
italian pear,pear,pear,5
african pear,pear,pear,4
english pear,pear,pear,1
chinese peony,peony,peony,9
aged pepper,pepper,pepper,68
madagascan pepper,pepper,pepper,36
madagascar pepper,pepper,pepper,36
indian pepper,pepper,pepper,4
nepalese pepper,pepper,pepper,1
brazilian peppermint,peppermint,peppermint,1
peru balsam absolute,peru-balsam,peru balsam,1
paraguayan petigrain,petitgrain,petitgrain,56
italian petitgrain,petitgrain,petitgrain,4
tunisian petitgrain,petitgrain,petitgrain,3
sicilian petitgrain,petitgrain,petitgrain,2
moroccan petitgrain,petitgrain,petitgrain,2
petitgrain absolute,petitgrain,petitgrain,1
indonesian pimento,pimento,pimento,2
caribbean pimento,pimento,pimento,1
russian pine,pine,pine,3
canadian pine,pine,pine,3
pine absolute,pine,pine,2
siberian pine absolute,pine,pine,1
french pine,pine,pine,1
pine needle absolute,pine-needle,pine needle,5
brazilian pineapple,pineapple,pineapple,4
african pineapple,pineapple,pineapple,1
pink lotus absolute,pink-lotus,pink lotus,4
pink pepper co2,pink-pepper,pink pepper,29
madagascan pink pepper,pink-pepper,pink pepper,21
peruvian pink pepper,pink-pepper,pink pepper,9
kenyan pink pepper,pink-pepper,pink pepper,4
chinese pink pepper,pink-pepper,pink pepper,2
french pink pepper,pink-pepper,pink pepper,2
brazilian pink pepper,pink-pepper,pink pepper,2
indian pink pepper,pink-pepper,pink pepper,2
mirabelle plum,plum,plum,80
chinese plum,plum,plum,2
italian plum,plum,plum,2
himalaya poppy,poppy,poppy,1
turkish poppy,poppy,poppy,1
rain accord,rain,rain,24
italian raspberry,raspberry,raspberry,5
raspberry absolute,raspberry,raspberry,2
russian raspberry,raspberry,raspberry,1
raspberry leaf absolute,raspberry-leaf,raspberry leaf,2
laotian red ginger,red-ginger,red ginger,2
spanish red thyme,red-thyme,red thyme,1
oriental resins,resins,resins,3
chinese rhubarb,rhubarb,rhubarb,1
wild rhubarb,rhubarb,rhubarb,1
roasted tonka bean absolute,roasted-tonka-bean,roasted tonka bean,3
bulgarian rose,rose,rose,683
turkish rose,rose,rose,438
damask rose,rose,rose,434
rose absolute,rose,rose,287
taif rose,rose,rose,122
turkish rose absolute,rose,rose,99
moroccan rose,rose,rose,93
rose water,rose,rose,76
wild rose,rose,rose,75
red rose,rose,rose,73
bulgarian rose absolute,rose,rose,69
rosebud,rose,rose,62
damask rose absolute,rose,rose,49
grasse rose,rose,rose,34
rose otto,rose,rose,34
moroccan rose absolute,rose,rose,27
indian rose,rose,rose,25
gallic rose,rose,rose,24
bulgarian rose otto,rose,rose,23
turkish damask rose,rose,rose,22
oriental rose,rose,rose,20
egyptian rose,rose,rose,16
persian rose,rose,rose,14
bulgarian damask rose,rose,rose,13
grasse rose absolute,rose,rose,12
himalayan rose,rose,rose,11
english rose,rose,rose,10
persian rose otto,rose,rose,9
turkish damask rose absolute,rose,rose,8
turkish rose otto,rose,rose,7
rose attar,rose,rose,7
rose oil,rose,rose,6
italian rose,rose,rose,5
chinese rose,rose,rose,5
indian damask rose,rose,rose,5
arabian rose,rose,rose,4
japanese rose,rose,rose,4
bulgarian damask rose absolute,rose,rose,3
indian rose absolute,rose,rose,3
taif rose otto,rose,rose,3
turkish rose otto absolute,rose,rose,3
moroccan damask rose,rose,rose,2
turkish rose concrete,rose,rose,2
chinese rose otto,rose,rose,2
egyptian rose absolute,rose,rose,2
caribbean rose,rose,rose,2
georgian rose,rose,rose,2
turkish rose water,rose,rose,2
taif rose absolute,rose,rose,2
tunisian rose,rose,rose,1
gallic rose absolute,rose,rose,1
georgian rose otto,rose,rose,1
bulgarian rose water,rose,rose,1
tunisian rose absolute,rose,rose,1
russian rose otto,rose,rose,1
wild rose absolute,rose,rose,1
damask rose water,rose,rose,1
damask rosebud,rose,rose,1
nepalese rose,rose,rose,1
russian rose,rose,rose,1
japanese rose otto,rose,rose,1
moroccan rosemary,rosemary,rosemary,7
italian rosemary,rosemary,rosemary,5
tunisian rosemary,rosemary,rosemary,5
spanish rosemary,rosemary,rosemary,4
rosemary absolute,rosemary,rosemary,1
brazilian rosewood,rosewood,rosewood,173
italian rosewood,rosewood,rosewood,1
indian rosewood,rosewood,rosewood,1
rum absolute,rum,rum,25
caribbean rum,rum,rum,2
cuban rum,rum,rum,1
paraguayan rum,rum,rum,1
rum co2,rum,rum,1
persian saffron,saffron,saffron,26
italian saffron,saffron,saffron,16
saffron absolute,saffron,saffron,9
spanish saffron,saffron,saffron,9
greek saffron,saffron,saffron,6
kashmiri saffron,saffron,saffron,3
saffron attar,saffron,saffron,1
syrian saffron,saffron,saffron,1
moroccan saffron,saffron,saffron,1
japanese saffron absolute,saffron,saffron,1
indonesian saffron,saffron,saffron,1
french sage,sage,sage,9
sage absolute,sage,sage,8
wild sage,sage,sage,5
russian sage,sage,sage,1
italian sage,sage,sage,1
mysore sandalwood,sandalwood,sandalwood,250
australian sandalwood,sandalwood,sandalwood,221
indian sandalwood,sandalwood,sandalwood,191
indonesian sandalwood,sandalwood,sandalwood,39
ceylonese sandalwood,sandalwood,sandalwood,34
papua sandalwood,sandalwood,sandalwood,10
indian mysore sandalwood,sandalwood,sandalwood,6
sandalwood absolute,sandalwood,sandalwood,6
sandalwood co2,sandalwood,sandalwood,4
african sandalwood,sandalwood,sandalwood,3
madagascan sandalwood,sandalwood,sandalwood,3
arabian sandalwood,sandalwood,sandalwood,2
nepalese sandalwood,sandalwood,sandalwood,2
caribbean sandalwood,sandalwood,sandalwood,2
kashmiri sandalwood,sandalwood,sandalwood,2
indian sandalwood co2,sandalwood,sandalwood,1
mysore sandalwood absolute,sandalwood,sandalwood,1
haitian sandalwood,sandalwood,sandalwood,1
salt,sea-salt,sea salt,83
italian sea salt,sea-salt,sea salt,4
himalayan salt,sea-salt,sea salt,1
seagrass absolute,seagrass,seagrass,1
sensual skin accord,sensual-skin,sensual skin,40
sesame absolute,sesame,sesame,3
indian sesame,sesame,sesame,1
japanese shiso,shiso,shiso,3
nepalese sichuan pepper,sichuan-pepper,sichuan pepper,24
nepalese sichuan pepper co2,sichuan-pepper,sichuan pepper,1
sichuan pepper absolute,sichuan-pepper,sichuan pepper,1
oriental spices,spices,spices,15
indian spices,spices,spices,4
arabian spices,spices,spices,2
cambodian spices,spices,spices,1
vietnamese spices,spices,spices,1
vietnamese star anise,star-anise,star anise,2
french star jasmine,star-jasmine,star jasmine,1
siberian stone pine,stone-pine,stone pine,21
swiss stone pine,stone-pine,stone pine,9
woodland strawberry,strawberry,strawberry,84
italian strawberry,strawberry,strawberry,1
french strawberry,strawberry,strawberry,1
italian woodland strawberry,strawberry,strawberry,1
italian suede,suede,suede,7
cuban sugar cane,sugar-cane,sugar cane,3
caribbean sugar cane,sugar-cane,sugar cane,1
french sunflower,sunflower,sunflower,1
sweet acacia absolute,sweet-acacia,sweet acacia,2
chinese tagetes,tagetes,tagetes,1
ceylon tea,tea,tea,19
tea absolute,tea,tea,5
assam tea,tea,tea,2
japanese tea,tea,tea,2
indian tea,tea,tea,1
himalayan tea,tea,tea,1
tea rose absolute,tea-rose,tea rose,2
teakwood,teak,teak,148
indonesian teakwood,teak,teak,1
wild thyme,thyme,thyme,7
thyme absolute,thyme,thyme,3
greek thyme,thyme,thyme,1
tiaré absolute,tiare,tiaré,8
tobacco absolute,tobacco,tobacco,42
tobacco leaf,tobacco,tobacco,26
cuban tobacco,tobacco,tobacco,6
turkish tobacco,tobacco,tobacco,4
tuscan tobacco,tobacco,tobacco,2
brazilian tobacco,tobacco,tobacco,1
turkish tobacco absolute,tobacco,tobacco,1
french tobacco,tobacco,tobacco,1
paraguayan tobacco,tobacco,tobacco,1
indonesian tobacco,tobacco,tobacco,1
tolu balm,tolu-balsam,tolu balsam,271
colombian tolu balm,tolu-balsam,tolu balsam,3
tolu balm absolute,tolu-balsam,tolu balsam,1
peruvian tolu balm,tolu-balsam,tolu balsam,1
tonka bean absolute,tonka-bean,tonka bean,154
venezuelan tonka bean,tonka-bean,tonka bean,29
brazilian tonka bean,tonka-bean,tonka bean,28
venezuelan tonka bean absolute,tonka-bean,tonka bean,7
brazilian tonka bean absolute,tonka-bean,tonka bean,4
caribbean tonka bean,tonka-bean,tonka bean,2
madagascan tonka bean,tonka-bean,tonka bean,1
colombian tonka bean,tonka-bean,tonka bean,1
indian tonka bean absolute,tonka-bean,tonka bean,1
mexican tonka bean,tonka-bean,tonka bean,1
tree moss,treemoss,treemoss,137
tree moss absolute,treemoss,treemoss,1
tuberose absolute,tuberose,tuberose,91
indian tuberose,tuberose,tuberose,39
indian tuberose absolute,tuberose,tuberose,27
mexican tuberose,tuberose,tuberose,14
egyptian tuberose,tuberose,tuberose,9
grasse tuberose,tuberose,tuberose,1
french tuberose,tuberose,tuberose,1
grasse tuberose absolute,tuberose,tuberose,1
mexican tuberose absolute,tuberose,tuberose,1
french tulip,tulip,tulip,2
turmeric absolute,turmeric,turmeric,2
bourbon vanilla,vanilla,vanilla,638
vanilla absolute,vanilla,vanilla,203
vanilla orchid,vanilla,vanilla,128
bourbon vanilla absolute,vanilla,vanilla,74
vanilla blossom,vanilla,vanilla,66
tahitian vanilla,vanilla,vanilla,50
french vanilla,vanilla,vanilla,23
mexican vanilla,vanilla,vanilla,18
vanilla co2,vanilla,vanilla,8
madagascan vanilla blossom,vanilla,vanilla,8
tahitian vanilla absolute,vanilla,vanilla,8
bourbon vanilla co2,vanilla,vanilla,5
tahitian vanilla blossom,vanilla,vanilla,4
zanzibar vanilla,vanilla,vanilla,4
madagascan vanilla orchid absolute,vanilla,vanilla,3
haitian vanilla,vanilla,vanilla,3
african vanilla,vanilla,vanilla,3
indonesian vanilla,vanilla,vanilla,2
haitian vanilla orchid,vanilla,vanilla,2
tahitian vanilla orchid,vanilla,vanilla,2
indian bourbon vanilla,vanilla,vanilla,1
brazilian vanilla,vanilla,vanilla,1
madagascar vanilla orchid,vanilla,vanilla,1
mexican vanilla absolute,vanilla,vanilla,1
indian vanilla,vanilla,vanilla,1
vanilla absolute co2,vanilla,vanilla,1
tahitian vanilla co2,vanilla,vanilla,1
vervain,verbena,verbena,242
lemon vervain,verbena,verbena,74
verbena absolute,verbena,verbena,3
vervain co2,verbena,verbena,3
indian verbena,verbena,verbena,1
haitian vetiver,vetiver,vetiver,432
java vetiver,vetiver,vetiver,79
bourbon vetiver,vetiver,vetiver,70
madagascan vetiver,vetiver,vetiver,31
tahitian vetiver,vetiver,vetiver,16
indian vetiver,vetiver,vetiver,15
brazilian vetiver,vetiver,vetiver,14
vetiver absolute,vetiver,vetiver,6
vetiver co2,vetiver,vetiver,4
egyptian vetiver,vetiver,vetiver,4
wild vetiver,vetiver,vetiver,1
haitian vetiver absolute,vetiver,vetiver,1
african vetiver,vetiver,vetiver,1
sumatra vetiver,vetiver,vetiver,1
laotian vetiver,vetiver,vetiver,1
caribbean vetiver,vetiver,vetiver,1
himalayan vetiver,vetiver,vetiver,1
violet absolute,violet,violet,20
african violet,violet,violet,9
french violet,violet,violet,6
egyptian violet,violet,violet,5
italian violet,violet,violet,3
grasse violet,violet,violet,1
violet leaf absolute,violet-leaf,violet leaf,65
egyptian violet leaf absolute,violet-leaf,violet leaf,9
egyptian violet leaf,violet-leaf,violet leaf,4
italian violet leaf,violet-leaf,violet leaf,2
french violet leaf,violet-leaf,violet leaf,2
grasse violet leaf,violet-leaf,violet leaf,2
french violet leaf absolute,violet-leaf,violet leaf,1
moroccan violet leaf,violet-leaf,violet leaf,1
whisky co2,whisky,whisky,1
irish white ambergris,white-ambergris,white ambergris,4
white cedarwood,white-cedar,white cedar,68
chinese white cedar,white-cedar,white cedar,2
canadian white cedar,white-cedar,white cedar,2
tuscan white iris,white-iris,white iris,1
egyptian white lotus,white-lotus,white lotus,2
thai white lotus,white-lotus,white lotus,1
indian white pepper absolute,white-pepper,white pepper,2
white pepper absolute,white-pepper,white pepper,1
white rose absolute,white-rose,white rose,5
white rose otto,white-rose,white rose,4
bulgarian white rose otto,white-rose,white rose,1
indonesian white rose,white-rose,white rose,1
chinese white tea,white-tea,white tea,1
spanish white thyme,white-thyme,white thyme,1
japanese wisteria,wisteria,wisteria,1
artemisia,wormwood,wormwood,355
absinth,wormwood,wormwood,129
absinthe wormwood,wormwood,wormwood,28
moroccan artemisia,wormwood,wormwood,5
greek artemisia,wormwood,wormwood,1
moroccan wormwood,wormwood,wormwood,1
roman wormwood,wormwood,wormwood,1
madagascan ylang-ylang,ylang-ylang,ylang-ylang,42
ylang-ylang absolute,ylang-ylang,ylang-ylang,10
thai ylang-ylang,ylang-ylang,ylang-ylang,4
indonesian ylang-ylang,ylang-ylang,ylang-ylang,4
caribbean ylang-ylang,ylang-ylang,ylang-ylang,2
madagascan ylang-ylang absolute,ylang-ylang,ylang-ylang,1
tahitian ylang-ylang,ylang-ylang,ylang-ylang,1
malayan ylang-ylang,ylang-ylang,ylang-ylang,1
japanese yuzu,yuzu,yuzu,18
korean yuzu,yuzu,yuzu,2
