name_en,frequency,suggested_family
bourbon whiskey,19,other
blue cypress,19,woody
plant juice,19,other
animalic musk,19,musk
karo karounde,19,other
rose oxide,19,floral
citrus zest,19,citrus
corn mint,19,herbal
banana leaf,19,fruity
persimmon,19,other
daisy,19,other
celery seed,19,other
crème brûlée,19,other
cappucino,19,other
fig tree,19,fruity
anjou pear,19,fruity
linen,18,other
calamondin,18,other
silver fir,18,other
kingwood,18,woody
east indian patchouli,18,woody
hydrangea,18,other
coconut cream,18,fruity
monoï,18,other
dahlia,18,other
palm leaf,18,green
henna,18,other
cypress wood,18,woody
musk rose,18,musk
fujian cypress,18,woody
white gardenia,18,white_floral
cactus,17,other
gingerbread,17,boozy
pomarose,17,floral
lime blossom,17,white_floral
gentian,17,other
black plum,17,fruity
olive tree,17,other
arborvitae,17,other
lankan oud,17,woody
white violet,17,floral
elderflower,17,floral
cetalox,17,other
black truffle,17,earthy
sweetgrass,17,green
mahonial,17,other
popcorn,16,gourmand
grain,16,aquatic
fossilised amber,16,balsamic
false sandalwood,16,woody
evernyl,16,other
rosa alba,16,other
red cedar,16,woody
pepperwood,16,woody
lemon tree,16,citrus
arabica coffee,16,gourmand
maltol,16,other
heather,16,other
tiger orchid,16,white_floral
clove leaf,16,spicy
bluebell,16,other
raspberry blossom,16,white_floral
white narcissus,16,floral
cedar needle,16,woody
strawberry leaf,16,fruity
bellflower,15,floral
wine,15,boozy
coffee blossom,15,white_floral
rhododendron,15,other
marzipan,15,other
rock sugar,15,gourmand
prickly pear,15,fruity
pink champagne,15,boozy
liquidambar,15,other
blue rose,15,floral
candied orange,15,citrus
vanilla sugar,15,gourmand
heliotropin,15,other
oolong tea,15,tea
goji berry,15,fruity
aloe vera,15,other
helvetolide,15,synthetic
dog rose,15,floral
black ambergris,15,balsamic
mojito,15,other
jacaranda wood,15,woody
white lilac,15,other
currant bud,15,fruity
pink guava,15,fruity
oxygen,15,other
soft woods,15,woody
cubeb,14,other
wheat,14,other
forest fruits,14,fruity
gin tonic,14,boozy
caviar,14,other
almond wood,14,woody
calla,14,other
nana mint,14,herbal
aegean wallflower,14,floral
belle de nuit flower,14,floral
pastry,14,other
spike lavender,14,floral
coconut blossom,14,white_floral
muscone,14,other
lokum,14,other
raspberry sorbet,14,fruity
ink,14,other
citrus blossom,14,white_floral
smoked tea,14,tea
somalian myrrh,14,balsamic
papaya blossom,14,white_floral
eglantine rose,14,floral
american cedar,14,woody
blue hyacinth,14,floral
mocha,14,other
asafoetida,14,other
rose essential,14,floral
lime zest,13,citrus
vanillin,13,other
green fig,13,fruity
green frankincense,13,balsamic
tonic water,13,aquatic
stone pine needle,13,woody
petrichor,13,earthy
metal,13,mineral
fuji apple,13,fruity
pheromones,13,other
ambrocenide,13,other
sagebrush,13,herbal
ambrarome,13,other
acacia honey,13,gourmand
blackcurrant blossom,13,white_floral
piña colada,13,other
green mango,13,fruity
nougat,13,gourmand
pear leaf,13,fruity
meringue,12,gourmand
cascarilla,12,other
charred wood,12,woody
fleur de sel,12,other
nigerian ginger,12,boozy
olive,12,other
callitris columellaris,12,other
sylkolide,12,other
espresso,12,other
virginia tobacco,12,tobacco
white currant,12,fruity
lingonberry,12,fruity
mushrooms,12,earthy
chrysanthemum,12,other
white lavender,12,floral
hibiscus seed,12,other
patchouli orpur,12,woody
velvet,12,other
ugandan vanilla,12,gourmand
bran,12,other
bergamot leaf,12,citrus
cade juniper wood,12,woody
walnut,12,gourmand
maninka fruit,12,fruity
bellini,12,other
maple syrup,12,other
bourbon rose,12,floral
red frangipani,12,other
red plum,12,fruity
timor sandalwood,12,woody
parsley,11,other
grey musk,11,musk
purple orchid,11,white_floral
liqueur,11,boozy
sea lily,11,white_floral
vegetal amber,11,balsamic
bakhoor,11,other
red wine,11,boozy
menthol,11,other
philippine elemi,11,woody
pimento leaf,11,green
apple skin,11,fruity
lactone,11,other
bourbon pepper,11,spicy
white tobacco,11,tobacco
tiger lily,11,white_floral
black caraway,11,other
holy basil,11,herbal
gun powder,11,powdery
maple,11,gourmand
dreamwood,11,woody
violet wood,11,woody
mulberry,11,fruity
pear juice,11,fruity
bushman's candle,11,other
oleander,11,other
orange tree,11,citrus
stone,11,mineral
mongolian musk,11,musk
grenadine,11,other
currant blossom,11,white_floral
javanol,11,synthetic
timbersilk,11,other
lotus wood,11,woody
green rose,11,floral
ambrostar,11,tobacco
white nectarine,11,tobacco
boxwood,10,woody
grapefruit leaf,10,citrus
red tea,10,tea
java patchouli,10,woody
cape gooseberry,10,fruity
cola,10,other
blackcurrant sorbet,10,fruity
sea mist,10,aquatic
prosecco,10,floral
calypsone,10,other
sweet vernal grass,10,green
green lilac,10,green
caipirinha,10,other
iodine,10,other
meyer lemon,10,citrus
pineappleweed,10,woody
watercress,10,aquatic
bergamot blossom,10,white_floral
hemlock,10,other
palm tree,10,other
copal resin,10,balsamic
muscat grape,10,fruity
guarana,10,other
white champaca,10,other
salted vanilla,10,gourmand
sharry baby orchid,10,white_floral
iris tingitana,10,floral
white suede,10,leather
forget-me-not,10,other
cripps pink apple,10,fruity
curly mint,10,herbal
grape leaf,10,fruity
maritime pine,10,woody
lipstick,10,other
serenolide,10,other
blue freesia,10,white_floral
indole,10,animalic
lime leaf,10,citrus
blond leather,10,leather
valencia orange,10,citrus
yellow rose,10,floral
guava blossom,10,white_floral
mango blossom,10,white_floral
nectarine blossom,10,white_floral
white water lily,10,white_floral
gooseberry,10,fruity
abelmoschus,10,other
galangal,10,other
pink pomelo,10,other
pepper tree,10,spicy
cake,10,gourmand
ecuadorian ambrette seed,10,other
black cedar,10,woody
top,10,other
middle,10,other
base,10,other
paul smith rose,10,floral
green vanilla,9,gourmand
jasmine leaf,9,white_floral
pepper leaf,9,spicy
sake,9,other
raisin,9,other
citrus leaf,9,citrus
curcuma leaf,9,green
woodleather,9,woody
rose lokum,9,floral
darjeeling tea,9,tea
la réunion vanilla,9,gourmand
smoked wood,9,woody
cosmone,9,other
tropical woods,9,woody
wood smoke,9,woody
opium,9,other
choya ral,9,other
pear nectar,9,fruity
vinyl,9,other
agave,9,other
mongolian deer musk,9,musk
malt,9,other
dihydromyrcenol,9,other
peach juice,9,fruity
edelweiss,9,other
green stems,9,green
raspberry nectar,9,fruity
sweets,9,other
pine wood,9,woody
flax blossom,9,white_floral
wine grape,9,boozy
vanilla ice cream,9,gourmand
macaron,9,other
red chili,9,other
bitter orange zest,9,citrus
neptune grass,9,green
juniper wood,9,woody
minerals,9,mineral
crocus,9,other
soap,9,other
pink magnolia,9,white_floral
pipe tobacco,9,tobacco
snowdrop,9,other
lemon sorbet,9,citrus
jasmine water,9,white_floral
coconut palmwood,9,woody
cottonwood,9,woody
red algae,9,aquatic
cattleya orchid,9,white_floral
gillyflower,9,floral
vetiver orpur,9,woody
candied ginger,9,boozy
nasturtium,9,other
peppery,9,spicy
lapsang souchong tea,9,tea
west indian lantana,9,other
white rum,9,boozy
purple freesia,9,white_floral
golden delicious apple,9,fruity
la réunion pink pepper,9,spicy
limoncello,8,other
roasted hazelnut,8,gourmand
mandarine orpur,8,citrus
masala chai,8,other
olive leaf,8,green
yuzu zest,8,citrus
tiramisu,8,other
common elder,8,other
black basil,8,herbal
custard,8,tobacco
ambertonic,8,balsamic
muskrat,8,musk
oak moss,8,earthy
white carnation,8,floral
limbanol,8,other
paper,8,other
guatemala patchouly,8,other
brown oakmoss,8,earthy
mitti,8,other
oud assafi,8,woody
bunch-flowered narcissus,8,floral
green melon,8,fruity
palestinian sweet lime,8,citrus
mugane,8,other
aqual,8,other
bougainvillea,8,other
blond suede,8,leather
larch,8,other
white pear,8,fruity
pink musk,8,musk
magnolia leaf,8,white_floral
stargazer lily,8,white_floral
sycamore,8,other
blackberry leaf,8,fruity
norlimbanol,8,synthetic
jackfruit,8,fruity
gin fizz,8,boozy
damascus plum,8,fruity
black fig,8,fruity
safraleine,8,other
florida orange,8,citrus
cantaloupe,8,other
toon,8,other
dill,8,other
brandy,8,boozy
jabuticaba,8,other
dirt,8,other
sinfonide,8,other
massoia wood,8,woody
cocoa blossom,8,white_floral
honduras styrax,8,other
sorbettolide,8,other
white hyacinth,8,floral
chewing gum,8,other
provençal honey,8,gourmand
namibian myrrh,8,balsamic
rosyfolia,8,other
sweet lime,8,citrus
lemon orpur,8,citrus
yellow narcissus,8,floral
lychee blossom,8,white_floral
orange tree wood,8,woody
blackcurrant nectar,8,fruity
madonna lily,8,white_floral
malabar pepper,7,spicy
exotic spices,7,spicy
californian lemon,7,citrus
exotic,7,other
cherry liqueur,7,boozy
raspberry liqueur,7,boozy
mallow,7,other
pandanus,7,other
green geranium,7,floral
geosmin,7,other
californian orange,7,citrus
valerian,7,other
pine resin,7,woody
camphor tree,7,herbal
black liquorice,7,gourmand
cistus leaf,7,green
martini,7,other
aquozone,7,aquatic
hazelnut leaf,7,gourmand
cocoa butter,7,gourmand
white strawberry,7,fruity
melissa,7,other
pamplewood,7,woody
rice steam,7,tea
ravansara,7,other
candied rose,7,floral
amazon lily,7,white_floral
cachalox,7,other
southern magnolia,7,white_floral
honeycomb,7,gourmand
white heliotrope,7,other
black suede,7,leather
fucus,7,other
senecio,7,other
kephalis,7,other
rose orpur,7,floral
yemenite frankincense,7,balsamic
carob tree,7,other
quince flower,7,floral
firewood,7,woody
dry,7,other
ambermax,7,balsamic
coconut orchid,7,white_floral
strawberry blossom,7,white_floral
coral,7,other
laundry,7,other
vetiveryl acetate,7,woody
operanide,7,other
olibanum wood,7,woody
boysenberry,7,fruity
mangosteen,7,fruity
amaranth wood,7,woody
apricot skin,7,fruity
acacia wood,7,woody
patchouli blossom,7,woody
marron glacé,7,other
tea blossom,7,tea
juniper leaf,7,green
silk,7,other
templin,7,other
nirvanolide,7,other
cloudberry,7,woody
okoumé,7,other
plum nectar,7,fruity
moxalone,7,other
pink apple,7,fruity
pumpkin,7,other
oaken barrel,7,other
satsuma,7,other
plum wood,7,woody
sapote,7,green
tomato,6,other
lilybelle,6,white_floral
massoia,6,other
flintstone,6,mineral
red amber,6,balsamic
mediterranean cypress,6,woody
pomegranate blossom,6,white_floral
scots pine,6,woody
cocoa leaf,6,gourmand
basil blossom,6,white_floral
civettone,6,animalic
mandora,6,other
peat,6,other
peach leaf,6,fruity
baccara rose,6,floral
wasabi,6,other
bengali oud,6,woody
periwinkle,6,other
candy,6,gourmand
cherry wood,6,woody
common marshmallow,6,other
sea shell,6,aquatic
ambramone,6,other
ambrox super,6,other
white mimosa,6,floral
mandarin orange nectar,6,citrus
red grape,6,fruity
black tobacco,6,tobacco
provençal mimosa,6,floral
ironwood,6,woody
night-blooming cereus,6,other
tea tree,6,tea
sudachi,6,other
ginger lily,6,boozy
oak leaf,6,green
cherry leaf,6,fruity
royal lily,6,white_floral
blue tea,6,tea
roasted sesame,6,other
sweet clover,6,spicy
apple tree,6,fruity
pink hibiscus,6,other
white copal resin,6,balsamic
candied violet,6,floral
broad-leaved paperbark,6,other
mist,6,aquatic
morocco leather,6,leather
white sage,6,herbal
hemp flower,6,floral
macadamia,6,other
christmas rose,6,floral
douglas fir,6,other
pink currant,6,fruity
resinous,6,balsamic
yellow iris,6,floral
bark,6,woody
balsa wood,6,woody
vanilla cake,6,gourmand
rock samphire,6,other
vanilla milk,6,gourmand
damson plum,6,fruity
buttercream,6,gourmand
chinotto,6,other
dune grass,6,green
iced tea,6,tea
cypress leaf,6,woody
yellow peach,6,fruity
nag champa,6,other
damascone,6,other
yellow plum,6,fruity
nettle,6,other
redwood,6,woody
pineapple blossom,6,woody
coco de mer,6,other
green orange,6,citrus
baltic ambergris,6,balsamic
pea,6,other
tree bark,6,other
cupcake,6,other
kiwano,6,other
fig blossom,6,white_floral
black raspberry,6,fruity
green tangerine,6,green
mara des bois strawberry,6,fruity
rose honey,6,floral
orange honey,6,citrus
yellow apple,5,fruity
black iris,5,floral
white cyclamen,5,other
cardamom orpur,5,spicy
blue sage,5,herbal
pine tree cone,5,woody
fur,5,other
cigar,5,other
american plum,5,fruity
choya nakh,5,other
thanaka wood,5,woody
somalian frankincense orpur,5,balsamic
white driftwood,5,woody
tree resin,5,balsamic
vegetal,5,other
guinea pepper,5,spicy
rice flour,5,gourmand
blue tansy,5,other
winter green,5,green
sweet gale,5,other
prunella,5,other
katsura wood,5,woody
provençal clary sage,5,herbal
green fruits,5,fruity
latex,5,other
cashew nut,5,gourmand
easter lily,5,white_floral
flax,5,other
arnica,5,other
black frankincense,5,balsamic
aloe,5,other
sequoia wood,5,woody
bangladeshian oud,5,woody
lovage,5,herbal
balsam fir resin,5,balsamic
jojoba,5,other
amarena cherry,5,fruity
cryptomeria,5,other
corn rose,5,floral
white frankincense,5,balsamic
oat,5,other
cocoa powder,5,gourmand
apple sorbet,5,fruity
hazelnut cream,5,gourmand
blue ginger,5,boozy
cumaru,5,other
cayenne pepper,5,spicy
dominican amyris,5,other
cep,5,other
rosemary blossom,5,white_floral
green bitter orange,5,citrus
tropical,5,other
arbutus,5,other
red sandalwood,5,woody
purple basil,5,herbal
roasted pistachio,5,other
ume,5,other
orange jessamine,5,citrus
phytolacca dioica,5,other
suederal,5,leather
eau de cologne mint,5,herbal
murcott tangerine,5,other
florida grapefruit,5,citrus
dyer's-broom,5,other
fuchsia,5,other
curry,5,other
pear tree wood,5,woody
grapevine,5,fruity
rooibos tea,5,tea
pink pineapple,5,woody
balkans tobacco,5,tobacco
roasted cocoa,5,gourmand
rangoon creeper,5,other
daphne,5,other
aromatic woods,5,woody
mediterranean fig,5,fruity
smoked leather,5,leather
bourbon vanilla orpur,5,gourmand
nyctanthes arbor-tristis,5,other
maple wood,5,woody
lily-of-the-valley leaf,5,white_floral
curaçao,5,other
fig nectar,5,fruity
maple leaf,5,green
bread,5,gourmand
lemonade,5,citrus
swedish castoreum,5,animalic
privet,5,other
red orchid,5,white_floral
lemon water,5,citrus
yellow fruits,5,fruity
tequila,5,other
pineapple sorbet,5,woody
spruce resin,5,balsamic
pink lily-of-the-valley,5,white_floral
carnation leaf,5,floral
new guinean oud,5,woody
primrose,5,floral
daisy tree,5,other
barley,5,other
adoxal,5,other
maraschino cherry,5,fruity
leatherwood,5,woody
linden tree leaf,5,green
mango leaf,5,fruity
floralozone,5,floral
maritima,5,other
white grape,5,fruity
snow,5,other
pansy,5,other
exaltone,5,other
mediterranean herbs,5,herbal
black sesame,5,other
chestnut cream,5,gourmand
green anise,5,spicy
gianduja cream,5,gourmand
forest raspberry,5,fruity
angel's trumpet,5,boozy
magnolan,4,other
loganberry,4,fruity
vanilla praliné,4,gourmand
tansy,4,other
black baccara rose,4,floral
purple iris,4,floral
greengage plum,4,fruity
bergamot orpur,4,citrus
south african freesia,4,white_floral
pink honeysuckle,4,gourmand
grape blossom,4,white_floral
pink orchid,4,white_floral
spring flowers,4,floral
sandalore,4,woody
iralia,4,other
propolis,4,other
forest,4,other
vulcanolide,4,other
suntan lotion,4,other
lollipop,4,other
lankan cardamom,4,spicy
roasted barley,4,other
lemon tree bark,4,citrus
fir tree wood,4,woody
chocolate flower,4,floral
dragon's blood,4,other
costus root,4,other
rose macaron,4,floral
roots,4,other
white alba truffle,4,earthy
lankan nutmeg,4,spicy
bay laurel,4,herbal
kaffir lime leaf,4,citrus
jacaranda,4,other
wine lees,4,boozy
marijuana,4,other
lemon juice,4,citrus
white cypress,4,woody
white cognac,4,boozy
lankan sandalwood,4,woody
blackcurrant syrup,4,fruity
white truffle,4,earthy
acajou wood,4,woody
plants,4,other
nappa leather,4,leather
bergamot petitgrain,4,citrus
nutty,4,gourmand
evaporated milk,4,gourmand
royal poinciana,4,other
geranium orpur,4,floral
sulawesi patchouli,4,woody
campari,4,other
tropical blossoms,4,white_floral
caramel syrup,4,gourmand
rose thorn,4,floral
blackberry blossom,4,white_floral
cocoa wood,4,woody
american pink pepper,4,spicy
bamboo sap,4,green
cornflower,4,floral
pampas grass,4,green
patagonian oud,4,woody
anatolian rose,4,floral
american white cedar,4,woody
ice cream,4,gourmand
silk tree blossom,4,white_floral
spruce balsam,4,balsamic
toscanol,4,other
brown ambergris,4,balsamic
green bell pepper,4,spicy
orgeat syrup,4,other
colophony,4,other
nectar,4,tobacco
roasted nuts,4,gourmand
yugoslavian oakmoss,4,earthy
banana flower,4,floral
sparkling wine,4,boozy
gala apple,4,fruity
pomelo zest,4,other
mango nectar,4,fruity
port wine,4,boozy
chilenean cedar,4,woody
black woods,4,woody
mandragora,4,other
blood,4,other
jasmin bud,4,other
rose liqueur,4,boozy
pine balsam,4,woody
aglaia,4,other
red bell pepper,4,spicy
roasted apple,4,fruity
aromatic herbs,4,herbal
blue jasmine,4,white_floral
candied mandarin orange,4,citrus
camphor wood,4,woody
tamboti wood,4,woody
cinnamon orpur,4,spicy
blue musk,4,musk
ajowan,4,other
champaca leaf,4,green
gardenia leaf,4,white_floral
azalea,4,other
manipur oud,4,woody
jasminum fruticans,4,other
purple peony,4,floral
kentucky tobacco,4,tobacco
sedum,4,other
onycha,4,other
lavender orpur,4,floral
sandalwood orpur,4,woody
pink pepper orpur,4,spicy
habanolide,4,other
candied bergamot,4,citrus
araucaria,4,other
pink cyclamen,4,other
argania,4,other
vine,4,other
cocoa shell,4,gourmand
maillette lavender,4,floral
mayotte ylang-ylang,4,other
kir royal,4,other
figolide,4,fruity
evee,4,other
white amaryllis,4,other
hawaiian jasmine,4,white_floral
helional,4,other
muskmelon,4,musk
desert rose,4,floral
pink water lily,4,white_floral
coconut shell,4,fruity
green citrus fruits,4,citrus
purple lilac,4,other
green orchid,4,white_floral
american peppermint,4,spicy
musk ketone,4,musk
yellow peony,4,floral
pink peach,4,fruity
sugar icing,4,gourmand
karmaflor,4,other
black grape,4,fruity
red leather,4,leather
pine tar,4,woody
sorbet,4,other
torch ginger,4,boozy
apple juice,4,fruity
guinea orange,4,citrus
cocaine,4,other
blue spruce,4,other
jamaican pepper,4,spicy
new guinean vanilla,4,gourmand
balkans oakmoss,4,earthy
cedramber,4,balsamic
lemon tree wood,4,woody
rice wine,4,boozy
red pear,4,fruity
thistle,4,other
malbec wine,4,boozy
myrrh orpur,4,balsamic
applewood,4,woody
bengali sandalwood,4,woody
ginseng,4,boozy
blue poppy,4,other
lavender honey,4,floral
tuscany basil,4,herbal
electro-statical,3,other
pittosporum blossom,3,boozy
shisha tobacco,3,tobacco
sycamore wood,3,woody
tarocco orange,3,citrus
royal jelly,3,other
caramelized almond,3,gourmand
citrus tree wood,3,woody
baltic amber,3,balsamic
almond liqueur,3,boozy
pink lily,3,white_floral
cedar orpur,3,woody
mango wood,3,woody
habanero chili,3,other
poinsettia,3,other
white oleander,3,other
honeyed tobacco,3,tobacco
carbon,3,other
hemlock fir,3,other
amaranth,3,other
arbutus wood,3,woody
fir cone,3,other
seville lavender,3,floral
butterscotch,3,other
sweet birch,3,woody
hiba wood,3,woody
honeysuckle nectar,3,gourmand
white raspberry,3,fruity
white oak,3,other
summer fruits,3,fruity
melon blossom,3,white_floral
red bitter orange,3,citrus
jamaican ginger,3,boozy
molasses,3,other
blue gum eucalyptus,3,herbal
cassia bark,3,other
viginia cedar orpur,3,woody
black pine,3,woody
shamamatul amber,3,balsamic
white honeydew melon,3,fruity
fruit sorbet,3,fruity
yogurt,3,other
mesquite tree,3,other
birch bark,3,woody
savory,3,other
jamaican amyris,3,other
red berry sorbet,3,fruity
jamaican coffee,3,gourmand
passion fruit nectar,3,fruity
hooded violet,3,floral
sweet corn,3,other
black honey,3,gourmand
mountain pine,3,woody
castanea sativa,3,other
poplar,3,other
delphinium,3,other
american freesia,3,white_floral
scottish pine,3,woody
eucalyptus acorn,3,herbal
iris aldehyde,3,aldehydic
plum leaf,3,fruity
paradisamide,3,other
pistachio tree resin,3,balsamic
jack pine,3,woody
rosa rugosa,3,other
burley tobacco,3,tobacco
magnolia bud,3,white_floral
strelitzia,3,other
bergamot sorbet,3,citrus
jam,3,other
green hay,3,green
red peach,3,fruity
abrialis lavender,3,floral
green grapefruit,3,citrus
ash tree,3,other
lemon ice cream,3,citrus
new zealand ambergris,3,balsamic
zebrano wood,3,woody
beech wood,3,woody
coca leaf,3,green
golden chain,3,other
anise liqueur,3,boozy
roasted coconut,3,fruity
iced coffee,3,gourmand
penang patchouli,3,woody
tamarind blossom,3,white_floral
mystikal,3,other
cherry blossom nectar,3,white_floral
gingko,3,boozy
green mandarin orpur,3,citrus
fennel seed,3,other
peaty whisky,3,boozy
crystal,3,other
yellow gardenia,3,white_floral
heliconia,3,other
yarrow,3,herbal
bigarane,3,other
black spruce,3,other
red pine,3,woody
cassumunar ginger,3,boozy
nut grass,3,gourmand
smoked cedar,3,woody
concrete,3,other
elderberry,3,fruity
rush,3,other
black dahlia,3,other
cucumber water,3,aquatic
pineapple juice,3,woody
mascarpone,3,other
orange juice,3,citrus
oak bark,3,other
aspic,3,other
pistachio wood,3,woody
green coconut,3,fruity
pink grape,3,fruity
rose ultimate,3,floral
apple leaf,3,fruity
rose jam,3,floral
lenga wood,3,woody
white vetiver,3,woody
cypress root,3,woody
orange sorbet,3,citrus
pinyon pine,3,woody
biscuit,3,gourmand
andean vetiver,3,woody
caper,3,other
red maple,3,other
green pineapple,3,woody
white bergamot,3,citrus
lankan patchouli,3,woody
rain water,3,aquatic
blood orange zest,3,citrus
fig tree bark,3,fruity
brown algae,3,aquatic
caramelized cedar,3,woody
creosote,3,other
kava kava,3,other
polygonum,3,other
lime cake,3,citrus
chocolate cake,3,gourmand
woodruff,3,woody
roasted oak,3,other
citron leaf,3,citrus
candle wax,3,other
rice pudding,3,gourmand
blue cyclamen,3,other
cedarwood orpur,3,woody
white sandalwood,3,woody
cream cheese,3,gourmand
gum rockrose,3,floral
ionone,3,other
blue sky,3,other
lemon tea,3,tea
dodecanal,3,other
chestnut wood,3,woody
fuel,3,other
fire,3,other
walnut wood,3,woody
alphonso mango,3,fruity
tangerine blossom,3,white_floral
lemon sugar,3,citrus
beach flowers,3,floral
barley malt,3,other
poplar bud,3,other
meadowsweet,3,other
drawing ink,3,other
cosmofruit,3,fruity
hawaiian sandalwood,3,woody
red champaca,3,other
black copal resin,3,balsamic
karanal,3,other
citron zest,3,citrus
berry blossom,3,white_floral
red spiderlily,3,white_floral
grapefruit sorbet,3,citrus
rose wax,3,floral
curry leaf,3,green
pistachio leaf,3,green
almond honey,3,gourmand
hazelnut flower,3,floral
acerola cherry,3,fruity
alyssum,3,other
salty skin,3,aquatic
red hibiscus,3,other
amalfi bergamot,3,citrus
sweet violet,3,floral
betel pepper,3,spicy
green cactus,3,green
prunol,3,other
raspberry jam,3,fruity
bleeding-heart flower,3,floral
scottish lavender,3,floral
licorice liqueur,3,boozy
ivory coast ginger,3,boozy
white frangipani,3,other
green hazelnut,3,gourmand
garden rose,3,floral
hazelnut wood,3,woody
davana blossom,3,white_floral
pecan,3,other
baby's breath,3,other
mango sorbet,3,fruity
hibiscus nectar,3,tobacco
laminaria,3,other
california blackberry,3,fruity
aged wood,3,woody
macassar wood,3,woody
afghan saffron,3,spicy
pink hyacinth,3,floral
blackcurrant creme,3,fruity
red woods,3,woody
asian mandarin orange,3,citrus
mandarine meringue,3,citrus
lady apple,3,fruity
green tomato,3,green
sandalwood blossom,3,woody
clover blossom,3,white_floral
provençal blue cedar,3,woody
nashi pear sorbet,3,fruity
strawberry cream,3,fruity
tonka bean syrup,2,gourmand
liquor,2,other
bitter orange tree,2,citrus
rose milk,2,floral
alpine hedge rose,2,woody
amberketal,2,balsamic
wenge wood,2,woody
mint tea,2,tea
vegetal milk,2,gourmand
agave blossom,2,white_floral
white camellia,2,other
buds,2,other
salty air,2,aquatic
prickly ash,2,other
bank,2,other
red clay,2,other
blue lilac,2,other
agave syrup,2,other
cherry water,2,fruity
tulip tree,2,other
south american tonka bean,2,gourmand
cherry syrup,2,fruity
balm of gilead,2,other
beer,2,boozy
mediterranean thyme,2,herbal
burning wood,2,woody
costa rican pineapple,2,woody
holly,2,other
green blossoms,2,white_floral
coconut sorbet,2,fruity
hashish,2,other
pink blossoms,2,white_floral
polynesian vanilla,2,gourmand
cherry plum,2,fruity
passion fruit sorbet,2,fruity
black sandalwood,2,woody
israelian blood orange,2,citrus
smilax,2,other
henna blossom,2,white_floral
greenheart wood,2,woody
almond macaroon,2,gourmand
sweat,2,other
fudge,2,other
bergamot tea,2,tea
mineral moss,2,earthy
strawberry candy,2,fruity
peach candy,2,fruity
ebanol,2,other
exaltolide,2,other
comorian vanilla,2,gourmand
thyme blossom,2,white_floral
gandhi root,2,other
dominican wild orange,2,citrus
mediterranean lavender,2,floral
yuzu blossom,2,white_floral
ume blossom,2,white_floral
pineapple skin,2,woody
apple sauce,2,fruity
periploca sepium,2,other
coast redwood,2,woody
milkweed,2,gourmand
peach aldehyde,2,aldehydic
istanbul rose,2,floral
mulberry blossom,2,white_floral
jamaican lime,2,citrus
loam,2,other
macedonian oakmoss,2,earthy
yellow bergamot,2,citrus
greenwood,2,woody
stone fruits,2,fruity
limestone,2,citrus
olive tree wood,2,woody
cointreau,2,other
cedrat,2,other
wax,2,other
bitter orange orpur,2,citrus
cinnamon wood,2,woody
white rose bud,2,floral
boswellia frereana,2,other
straw,2,other
green amber,2,balsamic
pink grapefruit zest,2,citrus
hemlock needle,2,other
opium poppy,2,other
yemenite opoponax,2,other
jasminum polyanthum,2,other
silvanone,2,other
roasted marshmallow,2,other
raspberry puree,2,fruity
cocoa tree,2,gourmand
breuzinho,2,other
cyperus,2,other
raspberry ketone,2,fruity
green mandarin orange zest,2,citrus
black sea salt,2,aquatic
black tulip,2,other
temple incense,2,balsamic
mango skin,2,fruity
currant sorbet,2,fruity
florymoss,2,earthy
spruce needle,2,other
bubinga wood,2,woody
cognac barrel,2,boozy
bourbon tobacco,2,tobacco
violin varnish,2,other
guyanian tonka bean,2,gourmand
furze,2,other
buttermilk,2,gourmand
cactus peel,2,other
latte macchiato,2,other
dominican bitter almond,2,gourmand
dominican honey,2,gourmand
cactus juice,2,other
orange blossom honey,2,white_floral
silver sage,2,herbal
ginger ale,2,boozy
chai spice,2,spicy
almond cream,2,gourmand
caramelized nuts,2,gourmand
vanilla sorbet,2,gourmand
pink violet,2,floral
trees,2,other
pencil shaving,2,other
hiba,2,other
south indian oud,2,woody
red kelp,2,other
california bay laurel,2,herbal
honey nectar,2,gourmand
nympheal,2,other
guava nectar,2,fruity
vanilla caramel,2,gourmand
blue wattle,2,other
chocolate fudge,2,gourmand
eugenol,2,other
hivernal,2,other
humus,2,earthy
roasted chestnut,2,gourmand
pomelo blossom,2,white_floral
mediterranean bergamot,2,citrus
rangpur,2,other
rose tea,2,tea
massoia bark,2,other
lime juice,2,citrus
mediterranean citrus fruits,2,citrus
afghan rose,2,floral
jamaican rum,2,boozy
ambreinol,2,other
ether,2,other
galbanol,2,other
black lily,2,white_floral
juniper needle,2,other
jujube honey,2,gourmand
rose absolue orpur,2,floral
peach water,2,fruity
provençal herbs,2,herbal
white rice,2,gourmand
balkans immortelle,2,other
daphne odora,2,other
provençal verbena,2,other
almond biscuit,2,gourmand
soda,2,other
pistachio ice cream,2,gourmand
forest soil,2,earthy
spinach,2,other
candied lemon,2,citrus
turpentine,2,other
crimean coriander,2,spicy
cherry tree,2,fruity
fossilized himalayan amber,2,balsamic
orange bitters,2,citrus
barberry,2,fruity
betel leaf,2,green
aquaflora,2,other
santamanol,2,other
lychee praliné,2,fruity
beech,2,other
white hydrangea,2,other
elder,2,other
tonkalactone,2,gourmand
caramel popcorn,2,gourmand
coolwood,2,woody
bushes,2,other
green cognac,2,boozy
dandelion,2,other
daylily,2,white_floral
church incense,2,balsamic
underwood,2,woody
south pacific sandalwood,2,woody
aleppo pine,2,woody
pharaone,2,other
methyl pamplemousse,2,other
kumquat zest,2,other
mediterranean woods,2,woody
mediterranean neroli,2,citrus
cinnamon sugar,2,spicy
goldenrod,2,other
nutella,2,gourmand
lemon myrtle,2,citrus
aniseed flower,2,floral
apple candy,2,fruity
black pepper orpur,2,spicy
incense stick,2,balsamic
lilac wood,2,woody
fried dough,2,other
iris germanica,2,floral
jelly bean,2,other
green bourbon vanilla,2,gourmand
exotic citrus fruits,2,citrus
tequila sunrise,2,other
green guava,2,fruity
snake leather,2,leather
terracotta,2,other
tayberry,2,fruity
ox-eye daisy,2,other
rondeletia,2,other
iris powder,2,floral
syrup,2,other
vinylguaiacol,2,other
raspberry macaron,2,fruity
pearadise,2,fruity
adrenalin,2,other
coriander seed orpur,2,spicy
uruguayan vetiver,2,woody
grapefruit juice,2,citrus
pink tulip,2,other
peony bud,2,floral
caramelized pear,2,fruity
cassia blossom,2,white_floral
embers,2,other
panettone,2,other
californian lilac,2,other
pinot noir wine,2,boozy
pu-erh tea,2,tea
cyclamen leaf,2,green
strawberry guava,2,fruity
chocolate biscuit,2,gourmand
jordan myrrh,2,balsamic
nicotiana alata,2,other
fruit punch,2,fruity
mushroom,2,earthy
pink champaca,2,other
water pepper,2,spicy
2-methylundecanal,2,other
pierre de ronsard rose,2,floral
royal princess rose,2,floral
grapefruit wood,2,woody
apple jam,2,fruity
strawberry jam,2,fruity
apricot puree,2,fruity
narcissus absolute orpur,2,floral
dynamone,2,other
omanian ambergris,2,balsamic
blackthorn,2,other
orange brandy,2,boozy
polynesian ylang-ylang,2,other
nashi pear blossom,2,white_floral
mandarine sorbet,2,citrus
heroin,2,other
nuoc cham,2,other
white flowers,2,white_floral
blue blossoms,2,white_floral
wine must,2,boozy
cristalfizz,2,other
black salt,2,aquatic
campfire,2,other
belambre,2,other
lettuce,2,other
mineral salt,2,aquatic
argentinean grapefruit,2,citrus
beetroot,2,other
white wine,2,boozy
clementine peel,2,other
white apricot,2,fruity
white dahlia,2,other
green apple sorbet,2,fruity
musk gazelle,2,musk
pineapple creme,2,woody
choya loban,2,other
kiwi blossom,2,white_floral
chili leaf,2,green
south italian bergamot,2,citrus
white nougat,2,other
chervil,2,other
apricot kernel,2,fruity
tasmanian boronia,2,other
vanuatu sandalwood,2,woody
northern red oak,2,other
coconut rum,2,boozy
tonka bean orpur,2,gourmand
apple liqueur,2,boozy
hard cider,2,other
milkshake,2,gourmand
kulfi,2,other
strawberry meringue,2,fruity
anethol,2,other
sycamore maple,2,other
soursop,2,other
eritrean incense,2,balsamic
american tobacco,2,tobacco
cistus creticus,2,other
apple brandy,2,boozy
kyara oud,2,woody
provençal sage,2,herbal
coffee berry,2,fruity
roasted pecan,2,other
avocado,2,other
pepper fusion,2,spicy
ginseng tea,2,tea
tyrolean oakmoss,2,earthy
ethyl maltol,2,other
wood lacquer,2,woody
provençal lavender orpur,2,floral
american apple,2,fruity
american magnolia,2,white_floral
blackberry bud,2,fruity
flores patchouli,2,woody
star magnolia,2,white_floral
plum liqueur,2,boozy
blue sequoia,2,other
roasted venezuelan tonka bean,2,gourmand
candied citrus fruits,2,citrus
lime wood,2,woody
eucalyptus tree,2,herbal
peach melba,2,fruity
mandarin orange orpur,2,citrus
velvione,2,other
verdello lemon,2,citrus
lavender water,2,floral
calypso orchid,2,white_floral
pink oleander,1,other
perique tobacco,1,tobacco
forest lilac,1,other
californian gardenia,1,white_floral
candied bitter orange peel,1,citrus
rose day,1,floral
iris nectar,1,floral
fig honey,1,fruity
black iris barbata,1,floral
cypress resin,1,woody
sweet william,1,other
hawaiian pineapple,1,woody
bat flower,1,floral
fig tree sap,1,fruity
purple hyacinth,1,floral
gianduia chocolate,1,gourmand
violet candy,1,floral
chlorophyll,1,other
gamma octalactone,1,other
peach lactone,1,fruity
rimu,1,other
mandarin orange liqueur,1,boozy
rice water,1,gourmand
lava,1,other
peach prosecco,1,floral
fossilized wood,1,woody
plum jam,1,fruity
somalian benzoin,1,balsamic
black olive,1,other
croatian clementine,1,other
guaiacol,1,other
american oak wood,1,woody
jordan patchouli,1,woody
burnet rose,1,floral
scottish hawthorn,1,other
red clover,1,spicy
mountain pepper,1,spicy
forest moss,1,earthy
lesser calamint,1,herbal
diamond jubilee apple,1,fruity
sawdust,1,other
north african orange blossom,1,white_floral
bermuda juniper,1,other
black oxford apple,1,fruity
dominican vanilla,1,gourmand
zinfandel grape liqueur,1,boozy
eastern arborvitae,1,other
naranjilla,1,other
margarita,1,other
phlox,1,other
christ's thorn jujube,1,other
red blossoms,1,white_floral
mozambican ambergris,1,balsamic
dwarf pine,1,woody
bhutanese oud,1,woody
ginger water,1,boozy
fabric,1,other
cinnamon biscuit,1,spicy
callitris,1,other
green currant,1,fruity
toadstool,1,other
lavender bud,1,floral
afghan herbs,1,herbal
sawara cypress,1,woody
tasmanian sandalwood,1,woody
silver fir cone,1,other
pipe tobacco smoke,1,tobacco
bourbon geranium leaf,1,floral
medlar leaf,1,green
wattleseed,1,other
chardonnay,1,other
hickory wood,1,woody
smoked grapefruit,1,citrus
balkans sage,1,herbal
baked pear,1,fruity
south american arabica coffee,1,gourmand
south american pink pepper,1,spicy
jujube,1,other
androstenol,1,other
cornflower water,1,floral
mandarine petitgrain,1,citrus
jasmine honey,1,white_floral
candied blossoms,1,white_floral
creeping thistle,1,other
vanilla tobacco,1,tobacco
bladderwrack,1,other
symmarine,1,aquatic
bluegrass,1,green
bergamot peel,1,citrus
yemenite honey,1,gourmand
barenia leather,1,leather
boisiris,1,floral
bermuda sweet pea,1,other
bitter,1,other
moonshine whiskey,1,other
south african buchu,1,other
pink hawthorn,1,other
yellow melon,1,fruity
concord grape,1,fruity
tiger liana,1,other
cheese,1,other
poppy bud,1,other
candied date,1,other
lime water,1,citrus
caipirinha lemon,1,citrus
dough,1,other
tamil nadu sandalwood,1,woody
asian patchouli,1,woody
pittosporum leaf,1,boozy
ginger syrup,1,boozy
cream soda,1,gourmand
charred fennel,1,other
violet bud,1,floral
orange blossom orpur,1,white_floral
ylang-ylang orpur,1,other
candied strawberry,1,fruity
cherry candy,1,fruity
mediterranean plants,1,other
green citrus zest,1,citrus
natal plum blossom,1,white_floral
stemone,1,green
dong quai,1,other
charred oak,1,other
citrus bizzarria,1,citrus
oud maleki,1,woody
africa wenge wood,1,woody
victoria amazonica,1,other
shoe polish,1,other
jelly,1,other
balm,1,other
black sugar,1,gourmand
blackberry sorbet,1,fruity
american orange,1,citrus
walnut shell,1,gourmand
itaúba wood,1,woody
apple compote,1,fruity
strawberry liqueur,1,boozy
vallaris solanacea,1,other
sri-lankan davana,1,other
new guinean cypriol,1,other
smoked prickly cedar,1,woody
casuarina wood,1,woody
herbal tea,1,tea
pepper seed,1,spicy
juniper liqueur,1,boozy
jasmolactone,1,other
goldenwood,1,woody
michelia dianica,1,other
hop blossom,1,white_floral
croatian oak moss,1,earthy
walnut milk,1,gourmand
seillans lavender,1,floral
arbutus blossom,1,white_floral
burnt,1,other
verbenolide,1,other
dune flower,1,floral
blackberry jam,1,fruity
kunzea,1,other
pear skin,1,fruity
amylsalicylate,1,other
roasted,1,other
vanilla butter cream,1,gourmand
vanilla pudding,1,gourmand
almond toffee,1,gourmand
black sage,1,herbal
jasmine jam,1,white_floral
citrus blossom honey,1,white_floral
peach wood,1,woody
limoncello sorbet,1,other
white cocoa,1,gourmand
strawberry cotton candy,1,fruity
wacapou scenttrek,1,other
italien cedrat orpur,1,other
chocolate marshmallow,1,gourmand
gurjum wood,1,woody
israelian galbanum,1,green
gentian root,1,other
honeysuckle leaf,1,gourmand
tokaji wine,1,boozy
californian incense cedar,1,woody
citron sorbet,1,citrus
roasted macadamia,1,other
nectarine sorbet,1,tobacco
guatemala coffee bean,1,gourmand
red freesia,1,white_floral
hydrogen,1,other
black magnolia,1,white_floral
hongkong oud,1,woody
elfwort,1,other
sri-lankan blue lotus,1,other
neofolione,1,other
borage,1,other
florida tangerine,1,other
green pomelo,1,green
redcurrant leaf,1,fruity
green iced tea,1,tea
lime mojito,1,citrus
el salvadorian ambrette seed,1,other
salted fig,1,fruity
laurel wood,1,woody
green coffee,1,gourmand
eucalyptol,1,other
bourbon coffee,1,gourmand
ginger orpur,1,boozy
maple water,1,aquatic
deerskin,1,animalic
magnolia sprig,1,white_floral
magnolia wood,1,woody
sodium,1,other
green rhubarb,1,green
candied lavender,1,floral
south african pink pepper,1,spicy
mineral water,1,aquatic
philippine oud,1,woody
serbian immortelle,1,other
pomelo,1,citrus
winter jasmine,1,white_floral
jasmine sambac orpur,1,white_floral
american beaver tail,1,other
american castoreum,1,animalic
american lotus,1,other
magnolia pollen,1,white_floral
baby powder,1,powdery
jasmine milk,1,white_floral
diviniris,1,floral
mimosa bark,1,floral
dandelion leaf,1,green
tomato vine,1,other
snapdragon,1,other
green apricot,1,fruity
lipgloss,1,other
vanilla orchid leaf,1,white_floral
herb liqueur,1,boozy
apricot sorbet,1,fruity
candied apple sorbet,1,fruity
pine bark,1,woody
high altitude lavender,1,floral
tachibana orange blossom,1,white_floral
single malt whisky,1,boozy
rice milk,1,gourmand
caramelized strawberry,1,fruity
cyclamen aldehyde,1,aldehydic
terranol,1,other
pink tuberose,1,white_floral
carolina jasmine,1,white_floral
yellow magnolia,1,white_floral
saint john's wort,1,other
red musk,1,musk
american gaiac wood,1,woody
mandarin orange wood,1,woody
green lemon zest,1,citrus
peanut butter,1,gourmand
artichoke,1,other
tulip tree wood,1,woody
caffè macchiato,1,other
sulfurol,1,other
rose jelly,1,floral
burgundy wine,1,boozy
orange jam,1,citrus
sage tea,1,tea
provençal rosemary,1,floral
osmanthus tea,1,tea
gladiolus,1,other
rose absolute orpur,1,floral
benzoin orpur,1,balsamic
pekoe tea,1,tea
fiji orange,1,citrus
fruit nectar,1,fruity
sour cream,1,gourmand
valentine pomelo,1,other
lebanese grapefruit,1,citrus
soapy,1,other
weathered wood,1,woody
tea bush wood,1,woody
cupuaçu,1,other
raspberry cream,1,fruity
pear compote,1,fruity
red poppy,1,other
lebanese iris,1,floral
cannonball tree blossom,1,white_floral
buckwheat honey,1,gourmand
cigarette smoke,1,tobacco
ecuadorian palo santo,1,other
philippine patchouli,1,woody
gandaria,1,other
zwerg-kalmus,1,other
salted butter,1,aquatic
raspberry water,1,fruity
la réunion vetiver,1,woody
saffiano,1,other
salvadorian tolu balm,1,other
almdudler,1,other
arbutus berry,1,fruity
green olive,1,green
nevenolide,1,other
pamplezest,1,other
quince sorbet,1,other
desert sage,1,herbal
yellow jasmine,1,white_floral
angelica flower,1,floral
rose syrup,1,floral
mediterranean mimosa,1,floral
mastic leaf,1,green
raspberry praliné,1,fruity
lemon cake,1,citrus
vanilla absolute orpur,1,gourmand
belgian angelica,1,herbal
parcel tape,1,other
maple sugar,1,gourmand
schisandra,1,other
rum ether,1,boozy
linalool,1,other
birch smoke,1,woody
violet leaf absolute orpur,1,floral
ivory coast bergamot,1,citrus
java lemon,1,citrus
brassavola nodosa,1,other
blue hydrangea,1,other
azerbaijan rose,1,floral
liquid air,1,other
butterfly bush,1,other
aquaflor,1,other
amberlyn,1,balsamic
cherry cake,1,fruity
sugar pine,1,woody
plywood,1,woody
lubricating,1,other
gotu kola,1,other
blackcurrant jam,1,fruity
apple syrup,1,fruity
flame tree,1,other
flame tree resin,1,balsamic
damascenone,1,other
arizona cypress,1,woody
pisco sour,1,other
california grapefruit,1,citrus
cady cane,1,other
melonal,1,fruity
sylvamber,1,balsamic
pineapple nectar,1,woody
ginger zest,1,boozy
spice bread,1,spicy
bourbon ylang-ylang,1,other
roberts geranium,1,floral
lentisk,1,other
osmanthus absolute orpur,1,other
coconut macaron,1,fruity
aurelione,1,other
graphite,1,other
white peach nectar,1,fruity
golden osmanthus,1,other
mandarine peel,1,citrus
green musk,1,musk
orbitone,1,other
guatemala coffee,1,gourmand
hawthorn honey,1,gourmand
cinnamon absolue,1,spicy
black peony,1,floral
saucer magnolia,1,white_floral
coconut palm,1,fruity
plum compote,1,fruity
cherry bud,1,fruity
oak moss resin,1,earthy
neroli orpur,1,citrus
kona coffee,1,gourmand
elm leaf,1,green
cork,1,other
cherry blossom scenttrek,1,white_floral
salted coconut,1,fruity
lychee liqueur,1,boozy
marco polo tea,1,tea
green wheat,1,green
peanut,1,gourmand
azerbaijani rose,1,floral
cherry tobacco,1,tobacco
camellia amplexicaulis,1,other
hawaiian cotton,1,other
ambrosia,1,other
berry syrup,1,fruity
patchouli root,1,woody
patchouli tea,1,woody
white clover,1,spicy
gowé,1,other
red mango,1,fruity
pinyon pine resin,1,woody
tonga sandalwood,1,woody
lemon mousse,1,citrus
catnip,1,other
boswellia papyrifera,1,other
mead,1,other
scotch whisky,1,boozy
limousin oak,1,other
bourbon whiskey barrel,1,other
sherry cask,1,other
tangerine peel,1,other
firsantol,1,other
blueberry muffin,1,fruity
plum sake,1,fruity
apple tobacco,1,tobacco
black cherry liquour,1,fruity
mandarin orange juice,1,citrus
lavender aldehyde,1,aldehydic
stems,1,green
berry sorbet,1,fruity
globalide,1,other
smoked ebony wood,1,woody
caramelized hazelnut,1,gourmand
bourbon pepper orpur,1,spicy
coco-grass,1,green
peach wine,1,boozy
peach tea,1,tea
rock moss,1,earthy
alpine lichen,1,woody
caramelized plum,1,fruity
savoury,1,other
saint germain pear,1,fruity
sardinian mastic,1,other
havana tobacco,1,tobacco
scots pine needle,1,woody
chinotto peel,1,other
beachgrass,1,green
coconut cake,1,fruity
palm blossom,1,white_floral
khola date,1,other
frosted jasmine,1,white_floral
mediterranean fruits,1,fruity
clary sage orpur,1,herbal
jasmine absolute orpur,1,white_floral
tonka bean absolute orpur,1,gourmand
alpine cyclamen,1,woody
peach liqueur,1,boozy
daffodil,1,other
yellow pear,1,fruity
geraniol,1,other
armenian woods,1,woody
scotch broom,1,other
pink passion fruit,1,fruity
pink watermelon,1,fruity
pomegranate caipirinha,1,other
watermelon blossom,1,white_floral
gustavia scenttrek,1,other
pistachio tree,1,other
grape pomace,1,fruity
majmua,1,other
citron blossom,1,white_floral
keemun tea,1,tea
lime petitgrain,1,citrus
celtic spikenard,1,other
florida bergamot,1,citrus
pepper tree leaf,1,spicy
chanterelle,1,other
poivrol,1,other
raspberry syrup,1,fruity
jasmine sambac absolute orpur,1,white_floral
veloutone,1,other
apricot liqueur,1,boozy
redcurrant jam,1,fruity
alpine herbs,1,woody
honduras tolu balm,1,other
pink osmanthus,1,other
balsam tree,1,balsamic
blossom honey,1,white_floral
orchid water,1,white_floral
petunia,1,other
sclarene,1,other
nebulone,1,other
excitol,1,other
red italian mandarin orange,1,citrus
pomegranate nectar,1,tobacco
rose nectar,1,floral
lebanese neroli,1,citrus
toast,1,other
tart,1,tobacco
pollen,1,other
orange liqueur,1,boozy
south african kumquat,1,other
undecavertol,1,other
safranal,1,other
galaxolid,1,other
coffee liqueur,1,boozy
candied bitter orange,1,citrus
guatemala tonka bean,1,gourmand
apricot wood,1,woody
grapefruit tree,1,citrus
linaloe wood,1,woody
candied pineapple,1,woody
ambranum,1,other
varnish,1,other
tonalid,1,other
starfleur 40,1,tobacco
coconut ice cream,1,fruity
ivory coast bitter orange,1,citrus
nard,1,other
sea buckthorn,1,aquatic
centaury,1,other
magnolia bark,1,white_floral
peach cream,1,fruity
white tulip,1,other
griotte syrup,1,other
georgia peach,1,fruity
burgundy blackcurrant,1,fruity
ivory coast lemon,1,citrus
eglantine rose leaf,1,floral
gardenia water,1,white_floral
blue tulip,1,other
bolivian pink pepper,1,spicy
sweet apple,1,fruity
kabosu,1,other
clover honey,1,spicy
wheat bran,1,other
crème caramel,1,gourmand
coca blossom,1,white_floral
medlar,1,other
guinea-bissau hibiscus,1,other
monodora myristica,1,other
silk tree flower,1,floral
jasmine rice,1,white_floral
provençal star jasmine,1,white_floral
blue agave,1,other
pepper orpur,1,spicy
north african neroli orpur,1,citrus
texas cedar orpur,1,woody
andalusian almond,1,gourmand
matcha powder,1,powdery
vegetables,1,other
provençal peach,1,fruity
green grape,1,fruity
crab apple blossom,1,white_floral
marine lichen,1,aquatic
apple soufflé,1,fruity
handroanthus impetiginosus,1,boozy
jacaranda leaf,1,green
acacia leaf,1,green
apricot leaf,1,fruity
philippine coconut,1,woody
palm sugar,1,gourmand
albanian narcissus,1,floral
radish,1,other
red osmanthus,1,other
strawberry aldehyde,1,aldehydic
sweetened condensed milk,1,gourmand
red date,1,other
fruit gum,1,fruity
apple mint,1,fruity
guayan passion flower,1,floral
teak wood,1,woody
norwegian cloudberry,1,woody
white oakmoss,1,earthy
black geranium,1,floral
mangrove wood,1,woody
plum syrup,1,fruity
arum blossom,1,boozy
la réunion rum,1,boozy
balsam poplar bud,1,balsamic
cocoa liqueur,1,boozy
cactus water,1,aquatic
tiramisone,1,other
scottish oak moss,1,earthy
crab apple,1,fruity
plum wine,1,boozy
musk absolue,1,musk
yew,1,other
white galbanum,1,green
lankan vetiver,1,woody
erythroxylum coca,1,other
rice straw,1,gourmand
oysterplant,1,other
curaçao bitter orange,1,citrus
vetyvalone,1,other
liquorice root,1,gourmand
andalusian orange,1,citrus
afghan neroli,1,citrus
petitgrain water,1,citrus
vetiver leaf,1,woody
ghanaian tonka bean,1,gourmand
rosemary verbenone,1,floral
meadow flowers,1,floral
pear water,1,fruity
espresso bean,1,other
oud resin,1,woody
champaca wood,1,woody
pemou root,1,other
american rosewood,1,woody
triplal,1,other
green tobacco,1,tobacco
paperwhite,1,other
bengali patchouli,1,woody
rwandan patchouli,1,woody
peanut husk,1,gourmand
virginia peanut,1,boozy
erika absolue,1,other
chaparral,1,other
denim,1,other
bolivian red chili,1,other
peppermint sorbet,1,spicy
green chili,1,green
pepper tree blossom,1,white_floral
pink tiger lily,1,white_floral
apple cider,1,fruity
tanzanian ginger,1,boozy
bengali pepper,1,spicy
hawaiian green mango,1,fruity
sunflower seed,1,floral
arctical,1,other
mandarin peel,1,citrus
queen-of-the-night scenttrek,1,other
caramel liqueur,1,boozy
blue amber,1,balsamic
cedar root,1,woody
red tulip,1,other
bursera,1,other
kyphi,1,other
silver poplar,1,other
peach sorbet,1,fruity
linden bud,1,other
mocha cream,1,gourmand
mojito mint,1,herbal
vanilla vodka,1,boozy
cake batter,1,other
oil,1,other
polished wood,1,woody
coconut nectar,1,fruity
transluzone,1,other
pear ester,1,fruity
yemenite amber,1,balsamic
plum sorbet,1,fruity
frankincense orpur,1,balsamic
rain forest,1,aquatic
blackberry liqueur,1,boozy
green orange zest,1,citrus
isobutyl quinoline,1,other
manuka honey,1,gourmand
white gallic rose,1,floral
champagne truffle,1,earthy
neapolitan maple,1,other
lemon blossom honey,1,white_floral
american lavender,1,floral
hamamelis,1,other
sea minerals,1,aquatic
button mushroom,1,earthy
yellow vetiver,1,woody
citrus plants,1,citrus
baihao yinzhen tea,1,tea
ecomusk,1,musk
sandalwood milk,1,woody
dominican tobacco,1,tobacco
asian lily,1,white_floral
wood splint,1,woody
guava leaf,1,fruity
balkans juniper berry,1,fruity
passion fruit puree,1,fruity
vanilla orpur,1,gourmand
crème noir,1,other
lactoscatone,1,other
peruan amber,1,balsamic
noble fir,1,other
south african orange,1,citrus
red clementine,1,other
south american heliotrope,1,other
scandinavian birch tar,1,woody
mauritian sugar cane,1,gourmand
virginia cedar leaf,1,woody
carrot leaf,1,green
soy milk,1,gourmand
mountain magnolia,1,white_floral
lemon thyme,1,citrus
sorrel,1,other
chestnut purée,1,gourmand
lime orpur,1,citrus
comorian ylang-ylang orpur,1,other
roasted coffee,1,gourmand
american grapefruit,1,citrus
chocolate truffle,1,earthy
elmleaf blackberry,1,fruity
south african marigold,1,other
hawaiian pomelo,1,other
jasmine lactone,1,white_floral
riesling,1,other
acetate,1,other
lemon cream,1,citrus
candied cherry,1,fruity
peach jam,1,fruity
alpine rock-jasmine,1,woody
belgian chocolate,1,gourmand
north african neroli,1,citrus
white cardamom,1,spicy
costmary,1,other
rooibos,1,other
balkan rose,1,floral
hexyl acetate,1,other
polynesian hibiscus,1,other
sandela,1,other
dark tobacco,1,tobacco
grey woods,1,woody
belladonna,1,other
isocyclocitral,1,other
jaffa orange,1,citrus
kharismal super,1,other
musk t,1,musk
mocaccino,1,other
sage blossom,1,white_floral
stone pine wood,1,woody
blueberry compote,1,fruity
lemon candy,1,citrus
red delicious apple,1,fruity
nutmeg orpur,1,spicy
andalusian orange blossom,1,white_floral
melon sorbet,1,fruity
dewfruit,1,fruity
wholemeal biscuit,1,other
yulan magnolia,1,white_floral
willow bark,1,other
robusta coffee,1,gourmand
amalfi orange blossom,1,white_floral
golden kiwi,1,other
american curly mint,1,herbal
karmawood,1,woody
sugar biscuit,1,gourmand
candied pear,1,fruity
white caramel,1,gourmand
centifolia,1,other
apricot jam,1,fruity
roasted pumpkin seed,1,other
brown musk,1,musk
gerbera,1,other
sweet granadilla,1,other
smyrna fig,1,fruity
candied cardamom,1,spicy
venetian raspberry,1,fruity
blossom nectar,1,white_floral
shisolia,1,other
taiwanese incense cedar,1,woody
poppy leaf,1,green
elm,1,other
yellow blossoms,1,white_floral
mulanje cedarwood scenttrek,1,woody
mcintosh apple,1,fruity
pink poppy,1,other
salted popcorn,1,aquatic
pandanus leaf,1,green
white hibiscus,1,other
elderflower sorbet,1,floral
trisamber,1,balsamic
white fern,1,green
paradise nut,1,gourmand
cade,1,other
philippine ylang-ylang,1,woody
mandarine blossom water,1,white_floral
christalon,1,other
burnt vetiver,1,woody
cypriote mandora,1,other
bamboo water,1,aquatic
yellow hibiscus,1,other
hazelnut milk,1,gourmand
serbian oakmoss,1,earthy
helianthemum,1,other
red fruits sorbet,1,fruity
hassaku orange,1,citrus
gentiana scabra,1,other
moso bamboo,1,other
